client_id,client_name,client_gender,client_phone,client_email,client_dob,address_id
1,Bernarr Waugh,Male,552-227-8137,bwaugh0@geocities.com,3/29/1952,85
2,Nelson Rodder,Male,802-967-5627,nrodder1@sciencedaily.com,8/26/1960,914
3,Barth Doak,Male,855-596-4551,bdoak2@mysql.com,10/1/1992,537
4,Gibb Emma,Male,671-754-2267,gemma3@feedburner.com,3/1/1964,725
5,Arabele Farrance,Female,585-180-3180,afarrance4@businessinsider.com,11/3/1972,68
6,Joy Benting,Female,373-834-8079,jbenting5@github.io,6/22/1979,149
7,Raeann Conew,,571-678-2530,rconew6@sbwire.com,11/4/1992,962
8,Paul Kaesmans,Male,831-478-3153,pkaesmans7@independent.co.uk,8/3/1989,282
9,Vinni Extence,Female,838-153-8701,vextence8@smugmug.com,8/12/1990,37
10,Karel Jacques,Female,539-194-6233,kjacques9@cnet.com,9/3/1995,5
11,Gayelord Vant,Male,146-357-5338,gvanta@ning.com,9/16/1954,810
12,Eddy Mompesson,Male,433-847-8434,emompessonb@mapquest.com,11/5/1964,763
13,Yasmeen Abdie,Female,731-226-6890,yabdiec@businessinsider.com,1/12/1970,305
14,Mahmud Gregs,Male,206-575-0582,mgregsd@cpanel.net,9/20/1975,106
15,Georgeanna Swyn,Female,842-769-7702,gswyne@bbc.co.uk,2/4/1963,840
16,Paulina O'Halleghane,Female,972-686-3878,pohalleghanef@soup.io,3/10/1983,13
17,Benita Fettis,Female,207-617-8226,bfettisg@alibaba.com,11/5/1958,482
18,Gus Bassill,Female,495-346-4574,gbassillh@last.fm,7/11/1969,773
19,Mervin Clementucci,Male,523-467-3323,mclementuccii@boston.com,6/5/1975,847
20,Ursulina Eick,Female,475-598-9093,ueickj@spotify.com,12/2/1950,539
21,Amil Gorvette,Female,515-917-0706,agorvettek@networksolutions.com,4/30/1955,985
22,Mariejeanne Boycott,Female,602-729-1608,mboycottl@com.com,3/9/1980,701
23,Geralda Janway,Female,518-641-0724,gjanwaym@unc.edu,8/25/1974,270
24,Caryl Gobolos,Male,315-327-8663,cgobolosn@gnu.org,12/18/1981,213
25,Astra Luparti,Female,502-127-9239,alupartio@wikimedia.org,5/11/1971,545
26,Levey Offin,Male,336-513-3030,loffinp@walmart.com,4/1/1974,620
27,Krissie Passe,Female,159-873-7720,kpasseq@printfriendly.com,3/15/1999,212
28,Hermann Sylett,Male,478-765-9694,hsylettr@auda.org.au,2/5/1967,542
29,Niko Brunstan,,645-102-9673,nbrunstans@zimbio.com,11/27/1973,551
30,Audry Cornner,Female,436-364-5753,acornnert@g.co,4/10/1960,378
31,Allie Trood,Female,344-818-7966,atroodu@sbwire.com,3/22/1999,672
32,Alfie Serrels,Male,280-195-7835,aserrelsv@quantcast.com,10/14/1963,668
33,Kearney Harriman,Male,761-404-3620,kharrimanw@barnesandnoble.com,1/1/1979,110
34,Corliss Allwright,Female,164-476-9999,callwrightx@taobao.com,5/2/1976,759
35,Joane Hibbart,Female,227-933-2306,jhibbarty@liveinternet.ru,1/17/1986,316
36,Tedd Pardue,Male,224-516-6659,tparduez@list-manage.com,1/5/2000,645
37,Alyosha Note,Male,643-830-4976,anote10@wikia.com,5/30/1978,858
38,Ingrid Bringloe,,535-807-2213,ibringloe11@alibaba.com,8/11/1964,806
39,Donnie Calbaithe,Female,537-437-6321,dcalbaithe12@state.tx.us,10/13/1995,992
40,Dore Delahunt,Female,740-275-7909,ddelahunt13@tinypic.com,8/21/1994,298
41,Ulick Kirvin,Male,962-293-7651,ukirvin14@paypal.com,6/8/2000,554
42,Rawley Tadd,Male,196-482-0333,rtadd15@quantcast.com,9/7/1982,544
43,Kaela Beyn,Female,620-466-2577,kbeyn16@springer.com,9/9/1976,441
44,Warde Smalecombe,Male,344-723-4050,wsmalecombe17@feedburner.com,1/29/1960,258
45,Gretna Iacoboni,Female,513-231-8096,giacoboni18@mayoclinic.com,8/6/1999,885
46,Shel Haldenby,Female,381-204-7391,shaldenby19@free.fr,2/21/1997,23
47,Shurlocke Woodwin,Male,434-456-2342,swoodwin1a@netlog.com,4/13/1953,364
48,Rea Bartke,Female,157-760-3884,rbartke1b@list-manage.com,4/14/1995,183
49,Humfrey Jarvie,Male,887-186-3802,hjarvie1c@irs.gov,8/23/1987,407
50,Clarette Camsey,Female,369-388-1625,ccamsey1d@blogs.com,6/3/1966,996
51,Napoleon Nancarrow,Male,858-156-4000,nnancarrow1e@hubpages.com,4/24/1992,972
52,Desiri Banham,Female,631-647-0788,dbanham1f@sogou.com,10/25/1991,637
53,Lisle Henrie,Male,502-908-6295,lhenrie1g@businesswire.com,2/15/1999,99
54,Corney Albrecht,Male,629-661-5482,calbrecht1h@desdev.cn,12/27/1989,515
55,Bettine Kalinsky,Female,295-898-5846,bkalinsky1i@boston.com,6/10/1951,374
56,Adan Alldred,Male,774-825-3995,aalldred1j@about.me,1/14/1960,677
57,Blakelee Smaleman,Female,110-320-7774,bsmaleman1k@ucoz.com,2/23/1993,984
58,Isac Piecha,Male,473-975-0280,ipiecha1l@jugem.jp,5/5/1976,56
59,Ely Glede,Male,110-556-0889,eglede1m@nature.com,9/3/1972,923
60,Noellyn Jinks,Female,225-311-7518,njinks1n@imgur.com,7/21/1995,8
61,Eduardo Bellwood,Male,118-615-4830,ebellwood1o@newsvine.com,9/18/1972,626
62,Phylis Winnett,Female,743-142-5832,pwinnett1p@google.ru,5/7/1988,791
63,Hayyim Daveley,Male,524-847-1709,hdaveley1q@cafepress.com,7/4/1988,389
64,Jan Tennewell,Male,645-416-2964,jtennewell1r@nih.gov,5/31/1989,312
65,Ilario Vye,Male,200-973-7081,ivye1s@vistaprint.com,2/19/1971,646
66,Cristabel Botting,Female,742-733-9598,cbotting1t@prlog.org,11/17/1996,912
67,Ellissa Glennie,Female,443-903-7250,eglennie1u@a8.net,8/10/1982,684
68,Dalton Zuenelli,Male,787-145-4242,dzuenelli1v@ox.ac.uk,1/27/1985,433
69,Faye Lahiff,Female,861-583-8774,flahiff1w@wsj.com,9/27/1965,836
70,Martie Tidridge,Male,873-835-2599,mtidridge1x@ibm.com,1/27/1963,849
71,Eddy Brass,Female,375-415-8938,ebrass1y@dedecms.com,8/22/1967,432
72,Austina Sidaway,Female,812-280-8000,asidaway1z@washington.edu,2/26/1956,372
73,Wakefield Pollard,Male,614-164-9084,wpollard20@symantec.com,1/24/1962,308
74,Paten Bamling,Male,319-702-1097,pbamling21@disqus.com,3/25/1976,625
75,Kore Levey,Female,969-264-3802,klevey22@zdnet.com,6/25/1999,245
76,Lizette Bellie,Female,989-114-0558,lbellie23@weibo.com,5/5/1985,960
77,Glynis Jay,Female,393-605-1996,gjay24@cornell.edu,1/10/1974,775
78,Roanna Hegge,Female,186-636-1769,rhegge25@flavors.me,3/13/1955,709
79,Freeman Tranter,Male,262-817-8007,ftranter26@netlog.com,9/18/1974,823
80,Johnathan Geindre,Male,531-419-6524,jgeindre27@yellowpages.com,4/19/1959,311
81,Trev Kovnot,Male,487-940-9107,tkovnot28@seattletimes.com,8/5/1973,491
82,Toby Gave,Female,868-512-8931,tgave29@hud.gov,6/7/1974,358
83,Erina Ainslee,Female,347-306-4061,eainslee2a@toplist.cz,6/18/1995,310
84,Violetta Russell,Female,472-486-9649,vrussell2b@godaddy.com,3/27/1991,652
85,Flint Stolberger,Male,504-539-9364,fstolberger2c@istockphoto.com,7/8/1968,112
86,Essie Traynor,Female,965-649-7311,etraynor2d@bbb.org,5/22/1952,402
87,Jarred Sutherby,Male,543-432-0924,jsutherby2e@netvibes.com,12/13/1964,46
88,Elwin Tolossi,Male,204-727-7986,etolossi2f@ibm.com,10/7/1995,75
89,Corrianne Scocroft,Female,634-632-7059,cscocroft2g@cdc.gov,12/16/2000,232
90,Piggy Herrieven,Male,208-287-7015,pherrieven2h@foxnews.com,7/25/1997,186
91,Philipa Vanyukhin,Female,847-705-7914,pvanyukhin2i@miibeian.gov.cn,4/21/1953,458
92,Gracia Battie,Female,411-943-6078,gbattie2j@weibo.com,4/27/1961,438
93,Abbe Birth,Female,223-235-4550,abirth2k@vkontakte.ru,9/10/1956,876
94,Ulberto Dinse,Male,681-483-2186,udinse2l@constantcontact.com,10/29/1966,196
95,Ianthe Rudman,Female,681-645-2998,irudman2m@zimbio.com,2/23/1984,692
96,Bord Lillecrop,Male,123-881-1016,blillecrop2n@angelfire.com,9/29/1953,579
97,Reena Soares,Female,359-293-3939,rsoares2o@wikipedia.org,4/26/1979,809
98,Hannis Musk,Female,458-471-4823,hmusk2p@ifeng.com,9/29/1968,627
99,Kenn Tadlow,Male,426-857-7585,ktadlow2q@statcounter.com,2/24/1987,403
100,Vanna Ranklin,Female,199-555-8707,vranklin2r@umn.edu,7/22/1970,48
101,Dame Garfirth,Male,488-438-4497,dgarfirth2s@jalbum.net,10/3/1986,77
102,Hamilton Matteacci,Male,880-134-2135,hmatteacci2t@shutterfly.com,3/5/1952,825
103,Sindee Whetnell,Female,907-617-6019,swhetnell2u@hostgator.com,11/24/1970,920
104,Akim Greeveson,Male,272-239-0057,agreeveson2v@nhs.uk,5/25/1986,93
105,Alexine Laville,Female,876-769-9899,alaville2w@google.cn,6/6/1994,224
106,Noach Leng,Male,309-354-1602,nleng2x@skype.com,6/25/1983,575
107,Jaime Josskoviz,Male,471-758-1236,jjosskoviz2y@cloudflare.com,8/20/1972,585
108,Ginger Gavozzi,Male,668-168-1553,ggavozzi2z@go.com,9/6/1998,681
109,Thaine Brevetor,Male,357-451-1250,tbrevetor30@themeforest.net,3/28/1998,309
110,Sutherland Dagnall,Male,870-672-4601,sdagnall31@answers.com,1/1/1997,201
111,Leonie Kingzett,Female,869-440-1373,lkingzett32@cdbaby.com,7/20/1982,144
112,Olin Lathee,Male,296-897-1975,olathee33@moonfruit.com,8/30/1984,880
113,Ferdy Macey,Male,663-453-5671,fmacey34@mtv.com,12/1/1997,104
114,Melitta Ellison,Female,771-467-0003,mellison35@angelfire.com,9/13/1951,234
115,Dennet Alison,Male,485-168-6559,dalison36@twitpic.com,10/22/1985,828
116,Zebulen Cranke,Male,932-324-3956,zcranke37@dedecms.com,7/31/1997,190
117,Anita Hackworthy,Female,158-295-0080,ahackworthy38@army.mil,10/4/1979,476
118,Pammi Dombrell,,462-246-1740,pdombrell39@usgs.gov,3/2/1972,993
119,Kylie Bygott,Male,713-670-7656,kbygott3a@dell.com,7/10/1992,911
120,Karlen Chalfain,Female,634-996-9963,kchalfain3b@vkontakte.ru,3/11/1997,774
121,Skipper Gillespey,Male,882-745-1876,sgillespey3c@acquirethisname.com,10/30/1957,181
122,Lucian Takis,Male,212-532-9538,ltakis3d@51.la,4/9/1976,283
123,Tabb Millott,,958-438-1759,tmillott3e@ucoz.ru,6/17/1978,757
124,Reinhold McMickan,Male,576-120-1871,rmcmickan3f@telegraph.co.uk,7/1/1953,966
125,Dominik Hollow,Male,785-140-8714,dhollow3g@feedburner.com,6/26/1975,278
126,Ardenia Howel,Female,120-281-7604,ahowel3h@msn.com,4/2/1950,107
127,Raina Girke,Female,285-100-1412,rgirke3i@hhs.gov,7/4/1961,538
128,Brittani Discombe,Female,681-288-9219,bdiscombe3j@dailymotion.com,11/9/1999,486
129,Andriana Giddins,Female,814-398-5800,agiddins3k@cam.ac.uk,2/4/1982,422
130,Jedidiah Hellin,Male,327-368-0878,jhellin3l@mozilla.org,4/25/1980,658
131,Tania Linny,Female,408-134-2245,tlinny3m@chicagotribune.com,9/15/1971,123
132,Hamlen Shallow,Male,164-379-9788,hshallow3n@sogou.com,2/1/1980,237
133,Spense Benedettini,Male,781-483-2669,sbenedettini3o@gmpg.org,6/20/1968,888
134,Barthel Ferrand,Male,626-353-0798,bferrand3p@g.co,4/13/1951,172
135,Catlin Giacobelli,Female,971-760-2636,cgiacobelli3q@lycos.com,8/13/1997,550
136,Bond Gifkins,Male,847-643-8599,bgifkins3r@merriam-webster.com,10/25/1954,854
137,Sabrina Agg,Female,854-475-9118,sagg3s@1und1.de,6/15/1983,632
138,Zonnya Adamini,Female,403-374-4913,zadamini3t@wikipedia.org,8/22/1980,452
139,Ladonna Ismirnioglou,Female,741-150-8030,lismirnioglou3u@livejournal.com,10/22/1951,341
140,Jerry Spittall,Male,828-507-0965,jspittall3v@exblog.jp,6/16/1952,760
141,Trish Thunderman,Female,438-984-3881,tthunderman3w@utexas.edu,10/14/1959,916
142,Nevile Elwell,Male,571-849-8472,nelwell3x@berkeley.edu,10/11/1971,495
143,Hana Fairfoul,Female,322-565-0218,hfairfoul3y@myspace.com,6/1/1981,592
144,Kristoforo Klemt,Male,446-513-1793,kklemt3z@goo.gl,5/29/1951,947
145,Dosi Wimlet,Female,253-510-2213,dwimlet40@webnode.com,4/17/1960,772
146,Rosaline Jahan,Female,627-623-8153,rjahan41@narod.ru,2/1/1990,931
147,Christal Reddie,Female,745-541-9730,creddie42@google.es,3/18/1975,838
148,Bruce Hallagan,Male,454-200-2399,bhallagan43@marriott.com,3/30/1978,324
149,Marabel Vigers,Female,151-839-7631,mvigers44@accuweather.com,8/21/1984,363
150,Winfield Dawber,Male,684-480-5757,wdawber45@wired.com,10/7/1997,616
151,Staci Adamkiewicz,,874-106-1245,sadamkiewicz46@bloglines.com,6/26/1994,473
152,Tobe Pautard,Male,962-777-6482,tpautard47@ask.com,5/4/1968,861
153,Joela Lillico,Female,285-487-7221,jlillico48@1und1.de,7/23/1982,615
154,Mohammed Bouette,Male,101-976-3108,mbouette49@g.co,10/24/1990,290
155,Shalom Seabourne,Male,749-612-4434,sseabourne4a@devhub.com,3/18/1960,933
156,Filberte Dun,Male,359-464-0441,fdun4b@digg.com,10/4/1964,463
157,Carlynn Barukh,Female,291-641-3008,cbarukh4c@marriott.com,10/27/1951,215
158,Cherida Sharvill,,762-564-2564,csharvill4d@java.com,2/22/1986,871
159,Drake Vlies,Male,333-293-4486,dvlies4e@msn.com,3/25/1975,412
160,Anstice Bartolomeo,Female,865-199-0478,abartolomeo4f@mac.com,5/18/1968,704
161,Gannie Dyhouse,Male,928-529-1435,gdyhouse4g@cnn.com,1/9/1978,793
162,Alameda Whopples,Female,661-515-9708,awhopples4h@engadget.com,3/18/1957,424
163,Kip Johnsey,Female,206-191-8131,kjohnsey4i@economist.com,9/26/1985,720
164,Ladonna Stoile,Female,550-639-2238,lstoile4j@boston.com,8/8/1969,670
165,Kliment Hayball,Male,938-254-6975,khayball4k@alibaba.com,8/31/1962,784
166,Geordie Orwin,Male,936-529-9336,gorwin4l@unesco.org,8/9/1971,761
167,Annalise Micklewicz,Female,344-619-6094,amicklewicz4m@slate.com,3/25/1971,517
168,Roxana Rossbrooke,Female,646-856-5369,rrossbrooke4n@amazonaws.com,6/28/1973,770
169,Queenie Simonetti,Female,383-523-9137,qsimonetti4o@tinypic.com,7/25/1974,553
170,Charyl Chadwen,Female,923-751-3857,cchadwen4p@blogtalkradio.com,11/23/2000,429
171,Vivia Skalls,Female,501-615-2634,vskalls4q@xinhuanet.com,5/27/1958,304
172,Garvey Pretsell,Male,448-340-1203,gpretsell4r@fastcompany.com,2/1/1974,216
173,Hetty McCroft,Female,814-348-8467,hmccroft4s@so-net.ne.jp,11/22/1985,346
174,Clareta Woofenden,Female,823-514-1305,cwoofenden4t@arizona.edu,10/9/1993,70
175,Jeanelle Josipovitz,Female,827-786-6344,jjosipovitz4u@blog.com,12/6/1983,644
176,Antonin Maplesden,Male,488-965-7581,amaplesden4v@ucla.edu,4/24/1971,86
177,Carita Curreen,Female,140-505-2411,ccurreen4w@pagesperso-orange.fr,9/20/1993,697
178,Amata Vickars,Female,840-702-0981,avickars4x@sphinn.com,2/10/1974,32
179,Giulietta Lillegard,Female,391-992-7163,glillegard4y@forbes.com,1/3/1958,949
180,Robinetta Keneleyside,Female,549-145-5885,rkeneleyside4z@about.com,12/31/1975,427
181,Camala Hamberstone,Female,771-370-6074,chamberstone50@plala.or.jp,1/16/1969,344
182,Celeste Stoodale,Female,926-667-6476,cstoodale51@intel.com,12/30/1957,157
183,Stillman Hub,Male,296-951-1093,shub52@flickr.com,6/7/1984,227
184,Alfons Lawton,Male,428-972-9603,alawton53@moonfruit.com,4/14/1981,794
185,Rayner Sibyllina,Male,538-651-3439,rsibyllina54@cam.ac.uk,2/21/1993,821
186,Darill Daveran,Male,833-715-0233,ddaveran55@samsung.com,11/10/1963,613
187,Freeland Farriar,Male,156-518-0548,ffarriar56@nationalgeographic.com,7/26/1961,479
188,Franny Urpeth,Male,400-492-3070,furpeth57@g.co,8/13/1999,963
189,Elnora Renner,Female,302-194-1343,erenner58@google.ca,12/20/1963,384
190,Al Schruurs,Male,751-938-8415,aschruurs59@twitter.com,2/5/1954,736
191,Aurel Farrer,Female,657-326-8325,afarrer5a@hubpages.com,3/16/2000,150
192,Sibella Harragin,Female,586-463-7589,sharragin5b@cafepress.com,3/19/1994,165
193,Denney Brumham,Male,332-442-0585,dbrumham5c@umn.edu,2/6/1955,713
194,Michal Twiggins,Female,799-693-0896,mtwiggins5d@mlb.com,1/26/1986,940
195,Filbert Whight,Male,286-757-9078,fwhight5e@cloudflare.com,5/23/1960,392
196,Nicolai Benitez,Male,868-349-4482,nbenitez5f@shinystat.com,1/23/1992,954
197,Maryanna Wallworke,Female,165-141-3878,mwallworke5g@wikipedia.org,3/5/1972,820
198,Lynn Wilby,Male,600-644-3779,lwilby5h@cpanel.net,8/29/1977,322
199,Arte Issacof,Male,784-331-0967,aissacof5i@moonfruit.com,8/18/1978,73
200,Charlene McGarrahan,,423-553-3523,cmcgarrahan5j@constantcontact.com,4/1/1977,379
201,Adriano Verdie,,848-875-4731,averdie5k@toplist.cz,12/7/1972,52
202,Caryl McCurdy,Male,573-311-5836,cmccurdy5l@msu.edu,8/31/1957,460
203,Antonin Yegorev,Male,195-791-4699,ayegorev5m@prweb.com,10/18/1993,12
204,Harmony Vinnicombe,Female,268-219-9368,hvinnicombe5n@dot.gov,5/22/1979,631
205,Damiano Plumstead,Male,416-215-7454,dplumstead5o@rambler.ru,7/13/1984,33
206,Vyky Remmers,Female,978-739-4164,vremmers5p@ustream.tv,8/1/1990,465
207,Leslie Reddel,,338-723-6346,lreddel5q@pagesperso-orange.fr,3/2/1972,152
208,Ange Tatterton,Female,543-116-2788,atatterton5r@joomla.org,8/15/1986,330
209,Consuela Knotte,Female,259-919-4821,cknotte5s@hhs.gov,12/24/1969,528
210,Porter Pheasey,Male,626-433-6216,ppheasey5t@lycos.com,9/25/1991,4
211,Devlin Goady,Male,225-516-4816,dgoady5u@kickstarter.com,9/9/1993,928
212,Gertie Torrent,Female,235-999-2459,gtorrent5v@sohu.com,2/6/1984,562
213,Stefano Giffon,Male,185-432-7701,sgiffon5w@canalblog.com,9/13/1996,611
214,Klarrisa Brumhead,Female,447-680-3470,kbrumhead5x@umich.edu,1/10/1975,220
215,Teodor Godly,Male,580-401-0456,tgodly5y@yolasite.com,4/26/1964,877
216,Anatole Khilkov,Male,645-147-6236,akhilkov5z@irs.gov,8/23/1976,96
217,Alex Gresch,Male,274-204-1940,agresch60@liveinternet.ru,7/24/1968,943
218,Priscella McNevin,Female,129-142-2617,pmcnevin61@google.ca,6/13/1975,696
219,Bryana Vasilechko,Female,113-418-0598,bvasilechko62@marriott.com,8/12/1999,194
220,Prinz Suero,Male,861-113-2819,psuero63@bing.com,5/25/1956,657
221,Sybilla Tiley,Female,748-764-8974,stiley64@scribd.com,5/21/1980,90
222,Gusti Say,Female,410-247-1460,gsay65@symantec.com,12/2/1999,663
223,Cass O'Currine,Female,735-121-7820,cocurrine66@newsvine.com,1/17/1975,18
224,Lilith Andrieux,Female,229-509-0249,landrieux67@macromedia.com,4/24/1984,42
225,Fidole Savoury,Male,787-675-3640,fsavoury68@narod.ru,3/29/1952,62
226,Lauren Tungate,,949-629-1687,ltungate69@360.cn,9/4/1973,472
227,Dur Shillan,Male,999-384-6803,dshillan6a@cbslocal.com,1/16/1984,889
228,Herculie Manders,Male,615-971-7497,hmanders6b@cisco.com,2/3/1954,894
229,Alie Broadhurst,Female,670-233-4266,abroadhurst6c@privacy.gov.au,6/16/1960,699
230,Aurelea Brumfield,Female,540-165-1529,abrumfield6d@homestead.com,4/4/1980,235
231,Calvin Glowacki,Male,137-261-3931,cglowacki6e@hp.com,7/25/1995,634
232,Wandie Gaine of England,Female,146-304-7383,wgaine6f@foxnews.com,5/6/1995,1000
233,Livy Pettigrew,Female,944-647-1290,lpettigrew6g@last.fm,1/22/1968,446
234,Christy Dallon,Male,900-440-8111,cdallon6h@dmoz.org,5/3/1973,397
235,Miles Rappa,Male,425-716-5336,mrappa6i@hud.gov,9/29/1982,485
236,Adrian Maypole,,889-346-9344,amaypole6j@scribd.com,6/29/1962,991
237,Hillard Gladyer,Male,335-365-3130,hgladyer6k@webmd.com,2/21/1953,917
238,Analiese Gladhill,Female,465-402-2423,agladhill6l@feedburner.com,11/24/1968,492
239,Andrei Swayne,Female,200-386-4648,aswayne6m@infoseek.co.jp,1/14/1968,43
240,Jillian McConville,Female,158-723-1447,jmcconville6n@engadget.com,4/21/1958,583
241,Inessa Ripping,,184-340-7492,iripping6o@yelp.com,5/18/1988,530
242,Galina Huffadine,Female,604-581-1927,ghuffadine6p@telegraph.co.uk,11/7/1976,879
243,Susy Lowfill,Female,326-317-4938,slowfill6q@multiply.com,4/12/1980,970
244,Goober Wasmer,Male,364-645-8037,gwasmer6r@reuters.com,8/7/1979,425
245,Barbaraanne Melchior,Female,112-991-8055,bmelchior6s@mac.com,3/8/1961,961
246,Star Scholl,Female,611-134-9063,sscholl6t@ow.ly,1/31/1975,502
247,Feliks Ellershaw,Male,640-848-1877,fellershaw6u@wikia.com,9/23/1988,510
248,Wallie McAdam,Male,833-864-8958,wmcadam6v@chron.com,4/11/1997,890
249,Darren Addie,Male,670-268-8025,daddie6w@newyorker.com,2/9/1985,176
250,Hodge Acklands,Male,720-561-5318,hacklands6x@cdc.gov,12/2/1977,367
251,Say Glitherow,Male,506-188-8269,sglitherow6y@cbsnews.com,9/6/1991,703
252,Delores Jenny,Female,197-897-0772,djenny6z@ifeng.com,11/12/1967,130
253,Rafaellle Boorne,Male,427-484-9268,rboorne70@java.com,12/26/1972,929
254,Claudelle Egarr,Female,588-363-1180,cegarr71@tinyurl.com,4/1/1961,990
255,Gerda Eccott,Female,969-520-6812,geccott72@stanford.edu,10/10/1952,901
256,Baryram Valentinuzzi,Male,774-103-2247,bvalentinuzzi73@youtu.be,5/27/1989,229
257,Staci Dowker,Female,191-196-2983,sdowker74@biblegateway.com,11/30/1987,434
258,Mag Ruckman,Female,202-498-2200,mruckman75@ycombinator.com,5/25/1985,523
259,Patty O'Caherny,Female,819-927-7080,pocaherny76@oaic.gov.au,8/31/1961,249
260,Josey Cheverton,Female,728-337-0104,jcheverton77@domainmarket.com,10/7/1965,606
261,Emeline Bosence,Female,176-904-3808,ebosence78@netscape.com,10/8/1965,295
262,Jamison Kennermann,Male,572-362-7221,jkennermann79@house.gov,7/10/1984,185
263,Bambi Gentiry,Female,903-240-9786,bgentiry7a@opensource.org,6/18/1956,802
264,Cass Flade,Female,539-771-8272,cflade7b@gizmodo.com,2/24/1989,621
265,Milena Deegan,Female,151-752-2231,mdeegan7c@flickr.com,4/8/1961,222
266,Tova Amber,Female,366-165-1618,tamber7d@shop-pro.jp,10/27/1991,582
267,Keir Wakerley,Male,928-150-1005,kwakerley7e@ted.com,2/4/1952,296
268,Annemarie Manby,Female,846-178-2951,amanby7f@weibo.com,3/29/1983,138
269,Joannes Godber,Female,762-896-1229,jgodber7g@de.vu,11/12/1987,939
270,Ebony Ray,Female,462-563-1449,eray7h@nhs.uk,8/29/1996,182
271,Oby Clawe,Male,400-322-4973,oclawe7i@netlog.com,10/11/1981,294
272,Gene Gurling,Male,872-306-6761,ggurling7j@tinypic.com,2/29/1988,600
273,Harris Angel,Male,667-325-6488,hangel7k@salon.com,6/13/1963,348
274,Maitilde Ciobutaro,Female,700-363-1451,mciobutaro7l@myspace.com,8/3/1998,315
275,Rusty Dur,Male,480-980-3845,rdur7m@imdb.com,1/8/1978,594
276,Martie Conaghan,Male,782-244-4913,mconaghan7n@goo.gl,3/25/1971,82
277,Kimbell Goady,Male,249-343-2472,kgoady7o@bloglovin.com,1/27/1983,656
278,Jeanelle Atling,Female,169-764-5861,jatling7p@surveymonkey.com,11/27/1995,375
279,Jo ann Feander,Female,346-947-8473,jann7q@shop-pro.jp,5/9/1983,807
280,Abba Sleaford,Male,196-143-6978,asleaford7r@disqus.com,11/21/1981,166
281,Boot Halpin,Male,125-357-6189,bhalpin7s@state.tx.us,8/22/1962,647
282,Trula Bickerdicke,Female,752-306-4869,tbickerdicke7t@elpais.com,3/23/1957,139
283,Diann Rathe,Female,220-114-9788,drathe7u@godaddy.com,9/19/1994,571
284,Reeta Edmead,Female,992-801-8363,redmead7v@china.com.cn,12/6/1992,209
285,Hamish Darree,Male,223-426-4147,hdarree7w@usa.gov,9/21/1981,935
286,Shelton Farlham,Male,752-899-1303,sfarlham7x@ovh.net,11/29/1972,932
287,Brita Broader,Female,319-550-4688,bbroader7y@uiuc.edu,7/13/1997,168
288,Patrice Besnardeau,Male,275-171-9083,pbesnardeau7z@google.co.jp,3/1/1951,373
289,Abram Pennone,Male,564-345-5895,apennone80@soup.io,10/3/1976,161
290,Karry Newbury,Female,676-216-3254,knewbury81@studiopress.com,2/21/1951,941
291,Brian Artist,Male,261-898-3731,bartist82@nasa.gov,6/7/1968,487
292,Blithe Maasz,Female,157-546-4489,bmaasz83@goo.gl,3/15/1955,800
293,Constancy Dibble,Female,735-201-3665,cdibble84@dropbox.com,12/21/1986,319
294,Garvy Holsey,Male,823-471-6115,gholsey85@booking.com,7/22/1969,15
295,Darlene Mycock,,964-382-1597,dmycock86@ning.com,11/3/1981,210
296,Corney Suggitt,Male,446-835-4832,csuggitt87@goo.ne.jp,8/8/1987,114
297,Matilde Demke,Female,168-371-3108,mdemke88@jalbum.net,3/23/1979,980
298,Tony Rieger,Male,539-408-0538,trieger89@mlb.com,2/24/1961,795
299,Jordana Pickin,Female,666-688-1711,jpickin8a@house.gov,3/19/1961,897
300,Stepha Pitkeathley,Female,717-354-5771,spitkeathley8b@soundcloud.com,9/12/1970,790
301,Cindelyn Roelofs,Female,709-261-3632,croelofs8c@desdev.cn,10/18/1950,569
302,Odell Smethurst,Male,127-731-6208,osmethurst8d@nyu.edu,11/13/1974,766
303,Morton Dennehy,,142-357-0967,mdennehy8e@blogspot.com,4/1/1988,159
304,Hussein Creffield,Male,596-455-0646,hcreffield8f@google.ru,9/22/1951,777
305,Ewan Allchin,Male,933-926-6569,eallchin8g@odnoklassniki.ru,4/17/1961,505
306,Kathryn Lealle,Female,915-695-2857,klealle8h@walmart.com,2/24/1988,455
307,Gayle Golden of Ireland,Female,640-839-5844,ggolden8i@nytimes.com,4/1/1965,819
308,Leighton Winfred,Male,923-194-2652,lwinfred8j@bing.com,1/5/1960,464
309,Bertie Zecchini,Female,129-427-2285,bzecchini8k@usnews.com,2/11/1964,148
310,Jacqui Yell,Female,619-339-6139,jyell8l@yale.edu,8/28/1976,570
311,Ingeberg Phipp,Female,494-709-0284,iphipp8m@netlog.com,9/12/1981,211
312,Kippie Kleisle,Male,868-336-7579,kkleisle8n@feedburner.com,12/18/1959,170
313,Celine Signoret,Female,434-971-8710,csignoret8o@usatoday.com,9/17/1966,263
314,Elset Eede,Female,462-948-1125,eeede8p@so-net.ne.jp,8/15/1974,843
315,Alejandra Willmore,Female,884-490-3366,awillmore8q@merriam-webster.com,9/29/1982,693
316,Lemuel Lilford,Male,252-233-0527,llilford8r@a8.net,6/11/1958,598
317,Brianne Braddock,Female,859-994-4840,bbraddock8s@nytimes.com,7/19/1981,722
318,Guglielma Safell,Female,520-104-5236,gsafell8t@google.es,2/26/1991,905
319,Tulley Doubrava,Male,532-106-7454,tdoubrava8u@google.com.au,2/9/1996,787
320,Hadleigh Danielut,Male,992-375-0458,hdanielut8v@flickr.com,3/20/1985,145
321,Dilan Ruperto,Male,639-589-8393,druperto8w@sina.com.cn,7/19/1960,909
322,Moll Witherup,Female,558-463-0206,mwitherup8x@nydailynews.com,9/16/1987,124
323,Krystalle Thumann,Female,695-390-3183,kthumann8y@bbb.org,2/20/1967,908
324,Chiquia Deacon,Female,680-884-0529,cdeacon8z@prlog.org,2/21/1953,390
325,Frasquito Fewkes,Male,176-263-8680,ffewkes90@house.gov,3/2/1975,662
326,Christyna Dabell,Female,479-456-8752,cdabell91@sourceforge.net,2/20/1992,260
327,Nicki Huc,Female,669-489-2830,nhuc92@techcrunch.com,6/13/1963,214
328,Hamlin Dunbabin,Male,713-513-2614,hdunbabin93@webeden.co.uk,10/13/1988,67
329,Billie Mellodey,Male,890-477-7615,bmellodey94@mapy.cz,7/12/1966,882
330,Kimmy Bearward,Female,451-685-7585,kbearward95@dot.gov,11/10/1992,779
331,Kurt Barkworth,Male,854-563-3994,kbarkworth96@mozilla.com,4/5/1959,303
332,Sylvan Brunsdon,Male,253-679-3895,sbrunsdon97@yale.edu,6/18/1997,655
333,Bogey Capitano,Male,194-257-6449,bcapitano98@reuters.com,1/25/1998,541
334,Oliver Gromley,Male,113-177-0234,ogromley99@wufoo.com,9/16/1985,19
335,Cornelius Remington,Male,271-597-8085,cremington9a@adobe.com,12/19/1966,328
336,Garald Kidder,Male,472-606-3000,gkidder9b@edublogs.org,5/5/1951,25
337,Ella Casillis,Female,962-310-2445,ecasillis9c@nih.gov,5/18/1954,564
338,Redford Midlane,Male,370-538-0991,rmidlane9d@mayoclinic.com,8/27/1979,782
339,Norry BURWIN,Male,299-535-1121,nburwin9e@bloglines.com,10/11/1997,430
340,Godfry MacCague,Male,336-330-8970,gmaccague9f@wikimedia.org,3/16/1971,839
341,Horatius Jardine,Male,600-416-3276,hjardine9g@nyu.edu,4/14/1977,59
342,Sheba Hadrill,Female,567-948-5923,shadrill9h@blogtalkradio.com,7/17/1971,445
343,Pauline Fatharly,Female,740-194-3503,pfatharly9i@google.ca,3/15/1965,869
344,Foss Saller,Male,637-953-0859,fsaller9j@seesaa.net,8/19/1980,936
345,Ame Duckit,Female,115-825-3731,aduckit9k@g.co,11/6/1965,204
346,Graehme Withrop,Male,994-911-6933,gwithrop9l@de.vu,2/4/1959,741
347,Galina Kauffman,Female,742-940-0525,gkauffman9m@reverbnation.com,1/12/1987,391
348,Artus Worvell,Male,463-885-5333,aworvell9n@edublogs.org,5/23/1989,910
349,Mildred Blundan,Female,560-502-2829,mblundan9o@nih.gov,1/14/1992,200
350,Alberto Jachtym,Male,526-390-0370,ajachtym9p@narod.ru,8/24/1958,534
351,Calley Germon,Female,994-586-1242,cgermon9q@moonfruit.com,12/26/1972,58
352,Petra Gionettitti,Female,429-939-6585,pgionettitti9r@imgur.com,1/24/1988,673
353,Fritz Ilewicz,Male,829-940-8960,filewicz9s@bloomberg.com,5/13/1976,74
354,Any Fairburne,Male,726-850-9614,afairburne9t@google.co.jp,2/27/1983,584
355,Melosa Tynnan,Female,843-814-7255,mtynnan9u@rambler.ru,2/18/1991,771
356,Hamlin Pollack,Male,527-608-0542,hpollack9v@wsj.com,4/30/1996,383
357,Darcie Muggleton,Female,396-358-8215,dmuggleton9w@wikipedia.org,1/13/1990,783
358,Merle Randales,Female,532-475-3971,mrandales9x@simplemachines.org,2/8/1981,271
359,Korey Sidden,Male,836-140-8955,ksidden9y@timesonline.co.uk,7/4/1959,535
360,Dallis Pegden,Male,332-970-9894,dpegden9z@ted.com,10/2/1962,197
361,Tallie Pascho,Male,947-257-0402,tpaschoa0@about.me,7/25/1969,490
362,Josepha Dur,Female,384-282-5714,jdura1@php.net,9/24/1972,141
363,Tammie Howison,Male,941-227-0229,thowisona2@privacy.gov.au,6/4/1990,653
364,Stanwood Pendrey,Male,431-168-2743,spendreya3@tinypic.com,6/12/1990,291
365,Deb Bamborough,Female,856-897-0285,dbamborougha4@ihg.com,3/21/1984,881
366,Guss Tirkin,Male,426-253-2932,gtirkina5@paginegialle.it,1/17/1993,520
367,Sisely Pengelly,,261-343-6575,spengellya6@blinklist.com,8/31/1975,557
368,Red Congreve,Male,640-754-3713,rcongrevea7@sitemeter.com,9/4/1990,317
369,Shurlocke Anyon,Male,103-361-9784,sanyona8@sohu.com,2/1/1974,660
370,Ichabod Crippes,Male,720-261-8469,icrippesa9@uol.com.br,3/11/1999,338
371,Dorothee Masser,Female,469-465-6920,dmasseraa@homestead.com,2/23/1987,577
372,Meredithe Renneke,Female,329-861-3722,mrennekeab@apache.org,3/6/1981,238
373,Wainwright Pahl,Male,585-570-4237,wpahlac@posterous.com,3/15/1966,51
374,Carolyn Seebright,Female,287-242-2429,cseebrightad@columbia.edu,5/18/1970,965
375,Gilligan Monks,Female,969-832-7250,gmonksae@imageshack.us,12/1/1998,80
376,Frederik Delicate,Male,181-645-5905,fdelicateaf@yellowpages.com,9/27/1974,733
377,Huntington Poetz,Male,774-382-3058,hpoetzag@statcounter.com,1/10/1983,413
378,Pebrook Donn,Male,360-780-9542,pdonnah@gravatar.com,8/5/1978,301
379,Gerrie Kikke,Male,586-752-0570,gkikkeai@google.com.hk,4/7/1977,275
380,Vonny Durrett,Female,658-682-9310,vdurrettaj@shutterfly.com,4/7/1957,98
381,Ernst Fouch,Male,792-273-1536,efouchak@tamu.edu,10/2/1986,712
382,Manuel Mallion,Male,443-204-4933,mmallional@networksolutions.com,11/4/1989,512
383,Eva Howison,,777-698-2230,ehowisonam@dagondesign.com,11/26/1971,982
384,Dicky Logsdail,Male,645-359-3853,dlogsdailan@nymag.com,2/20/1995,38
385,Terrie Greeding,Female,782-755-6064,tgreedingao@umich.edu,2/9/1976,955
386,Letitia Duffett,Female,974-409-3728,lduffettap@mac.com,3/5/1979,335
387,Kiel Corking,Male,243-313-2198,kcorkingaq@nifty.com,11/1/1997,377
388,Shelagh Laidler,Female,872-359-1039,slaidlerar@home.pl,8/17/1961,147
389,Fraze Curley,Male,747-300-1247,fcurleyas@friendfeed.com,10/24/1971,946
390,Sheela Camock,Female,154-526-6813,scamockat@go.com,6/20/1969,875
391,Grover Becraft,Male,650-898-3797,gbecraftau@gov.uk,9/13/1956,239
392,Saxe Moberley,Male,833-617-0973,smoberleyav@geocities.com,5/9/1969,986
393,Lauretta Leachman,Female,247-987-9454,lleachmanaw@chicagotribune.com,10/18/1979,113
394,Renie Lamplough,Female,982-251-6883,rlamploughax@wisc.edu,7/6/1957,913
395,Opalina Webster,Female,622-814-0603,owebsteray@unicef.org,6/3/1981,127
396,Libbie Justham,Female,615-589-0884,ljusthamaz@live.com,11/9/1973,416
397,Emmaline Cutridge,Female,334-740-3673,ecutridgeb0@devhub.com,6/24/2000,456
398,Kym Reef,Female,283-197-4501,kreefb1@pinterest.com,4/11/1981,801
399,Harlie Delamaine,Female,960-171-5106,hdelamaineb2@symantec.com,5/20/1985,2
400,Rica Astles,Female,978-967-5251,rastlesb3@com.com,2/19/1985,117
401,Cyndie Pirolini,Female,812-847-4648,cpirolinib4@oracle.com,10/16/1971,799
402,Kendre Charlo,Female,454-147-7387,kcharlob5@vistaprint.com,12/10/1952,566
403,Nettle Winnister,Female,330-203-9523,nwinnisterb6@mit.edu,4/15/1995,72
404,Kerr Whoston,Male,768-575-7993,kwhostonb7@umn.edu,3/25/1974,179
405,Stirling Tigner,Male,800-669-7748,stignerb8@scientificamerican.com,10/17/1976,707
406,Roddie Couve,,910-536-2832,rcouveb9@geocities.com,11/18/1995,252
407,Cecilius Curneen,Male,217-336-2007,ccurneenba@google.com.br,8/4/1984,967
408,Colby Waitland,Male,718-111-4788,cwaitlandbb@furl.net,6/30/1987,494
409,Giffer Yurenev,Male,190-188-9587,gyurenevbc@usa.gov,9/21/1953,332
410,Uta Riggs,Female,267-243-9003,uriggsbd@dailymail.co.uk,12/7/1967,866
411,Petra Hatrick,Female,262-666-8327,phatrickbe@wordpress.org,10/23/1970,997
412,Ara Truesdale,Female,704-906-6174,atruesdalebf@desdev.cn,10/4/1992,345
413,Katee Studman,Female,939-345-1929,kstudmanbg@purevolume.com,2/25/1957,641
414,Daven Espino,Male,742-894-6539,despinobh@netlog.com,10/19/1964,489
415,Boyd Klaffs,Male,645-474-3457,bklaffsbi@i2i.jp,1/4/1977,419
416,Smitty Bunney,Male,571-201-2670,sbunneybj@sakura.ne.jp,12/21/1973,228
417,Danette Rawnsley,Female,924-147-5539,drawnsleybk@aol.com,10/15/1974,817
418,Giulia Crannis,Female,960-142-0580,gcrannisbl@upenn.edu,2/15/1960,453
419,Lothario Stickley,Male,879-572-3421,lstickleybm@slashdot.org,7/18/1962,707
420,Laughton Skoggings,Male,716-869-2317,lskoggingsbn@intel.com,1/5/2000,794
421,Clevey Cromblehome,Male,158-806-5349,ccromblehomebo@rambler.ru,8/11/1959,1
422,Alasdair Argente,Male,343-133-8212,aargentebp@ox.ac.uk,3/5/1987,599
423,Kingston Batkin,,477-712-9359,kbatkinbq@unesco.org,6/19/1962,132
424,Quentin Wrefford,Male,315-228-5884,qwreffordbr@blogs.com,6/23/1995,184
425,Catlee Bruckshaw,Female,168-900-7238,cbruckshawbs@yelp.com,5/28/1998,288
426,Powell Slimm,Male,803-852-6461,pslimmbt@dailymail.co.uk,9/1/1950,203
427,Ivonne Temple,Female,507-516-1026,itemplebu@blogspot.com,1/24/1959,625
428,Ginnie Wheelhouse,Female,998-120-3766,gwheelhousebv@pcworld.com,1/1/1954,263
429,Ileane Meir,Female,662-524-2943,imeirbw@dyndns.org,9/14/1979,958
430,Bancroft Stapforth,Male,516-537-6962,bstapforthbx@ebay.com,7/25/1985,217
431,Donica Whall,Female,945-139-6767,dwhallby@slideshare.net,5/30/1963,887
432,Libbie Sears,Female,513-497-8403,lsearsbz@flickr.com,8/14/1955,224
433,Jodie Lehrer,Female,115-419-0225,jlehrerc0@reference.com,3/8/1968,257
434,Emalee Keynes,Female,395-875-5118,ekeynesc1@123-reg.co.uk,5/21/1978,106
435,Conant Jozsa,Male,396-840-8293,cjozsac2@simplemachines.org,6/1/1984,433
436,Benji Decroix,Male,206-912-1331,bdecroixc3@admin.ch,4/2/1984,551
437,Nowell Dran,Male,306-653-9185,ndranc4@msn.com,4/20/1992,919
438,Helen Blakiston,Female,420-135-5460,hblakistonc5@msu.edu,8/29/1973,786
439,Craggy Brazur,Male,383-295-8448,cbrazurc6@omniture.com,5/23/1984,121
440,Conrade Addie,Male,502-109-1481,caddiec7@ebay.co.uk,5/26/1981,253
441,Florenza Rosenfelder,,508-939-9651,frosenfelderc8@walmart.com,3/20/1984,960
442,Clyve Toping,Male,255-207-0374,ctopingc9@reddit.com,8/20/1967,883
443,Carny Ridge,Male,625-846-5824,cridgeca@weebly.com,2/20/1972,345
444,Amil Ogan,Female,637-537-7342,aogancb@sakura.ne.jp,5/10/1988,168
445,Whitney Wingham,Male,231-285-8061,wwinghamcc@va.gov,12/19/1969,226
446,Lindsey Rays,Female,658-517-0370,lrayscd@mlb.com,12/13/2000,235
447,Osmund Forte,Male,104-944-6237,ofortece@bloomberg.com,6/8/1973,560
448,Karylin Dornin,Female,569-271-4173,kdornincf@un.org,5/3/1965,556
449,Nerita Prinn,Female,117-351-5877,nprinncg@theguardian.com,7/27/1975,844
450,Violet Jouanet,Female,918-898-0207,vjouanetch@networksolutions.com,10/28/1956,771
451,Natassia Eccleshall,Female,785-719-2438,neccleshallci@chron.com,11/25/1952,924
452,Filbert Seeney,Male,433-104-2990,fseeneycj@t-online.de,11/17/1957,377
453,Marita Riding,Female,457-882-7128,mridingck@pcworld.com,11/29/1968,726
454,Wright Rouke,Male,697-912-2696,wroukecl@livejournal.com,2/24/1996,119
455,Creigh Lademann,Male,227-975-9208,clademanncm@ycombinator.com,1/25/1970,702
456,Zachary Luckhurst,Male,566-272-5476,zluckhurstcn@psu.edu,2/6/1971,74
457,Jeanelle Tinto,Female,528-831-9847,jtintoco@google.fr,6/12/1961,955
458,Evan Amaya,Male,992-755-0912,eamayacp@123-reg.co.uk,2/28/1953,410
459,Galven Larsen,Male,776-737-9157,glarsencq@themeforest.net,5/11/1978,689
460,Winne Elloit,Female,693-439-2047,welloitcr@xrea.com,10/6/1979,870
461,Cherida Spellessy,Female,618-752-5441,cspellessycs@furl.net,11/4/1978,820
462,Layney Bordman,Female,414-142-2503,lbordmanct@paypal.com,3/14/1956,805
463,Kata Ellse,Female,148-643-0895,kellsecu@symantec.com,4/16/1984,827
464,Prent Grigoletti,Male,487-982-3020,pgrigoletticv@cafepress.com,3/17/1983,204
465,Asa Vallery,Male,617-654-8494,avallerycw@buzzfeed.com,12/30/1998,662
466,Lara Van't Hoff,Female,231-994-4623,lvantcx@bigcartel.com,8/26/1965,385
467,Humbert Heikkinen,Male,573-985-9545,hheikkinency@taobao.com,4/18/1987,46
468,Darill Lafflina,Male,409-312-9911,dlafflinacz@businessinsider.com,10/24/1983,361
469,Jonah Ferrettino,Male,754-698-6636,jferrettinod0@dmoz.org,11/17/1976,787
470,Kai Blaker,Female,447-311-1735,kblakerd1@scientificamerican.com,3/19/1964,997
471,Shelbi Dickin,Female,760-268-8848,sdickind2@nymag.com,4/20/1978,693
472,Walker Seeman,Male,376-432-4648,wseemand3@who.int,7/31/1985,509
473,Zenia Bradnocke,Female,748-735-7157,zbradnocked4@github.io,10/1/1978,765
474,Bree Flight,Female,671-864-8036,bflightd5@cpanel.net,8/14/1958,920
475,Malachi McPhail,Male,504-987-0717,mmcphaild6@cdbaby.com,3/18/1952,82
476,Colby Belly,Male,844-662-6014,cbellyd7@naver.com,8/16/1992,863
477,Diann Fannon,Female,723-299-3161,dfannond8@forbes.com,3/9/1986,581
478,Alexandros Mc Andrew,Male,659-203-3613,amcd9@drupal.org,12/25/2000,81
479,Dur Hurleston,Male,220-731-6163,dhurlestonda@blinklist.com,1/14/1995,266
480,Marice Dungey,,257-871-3853,mdungeydb@shareasale.com,3/14/1962,538
481,Myrwyn Thewless,Male,472-713-3229,mthewlessdc@acquirethisname.com,1/11/1976,970
482,Anthony Kervin,Male,303-538-8102,akervindd@psu.edu,9/5/1982,199
483,Carry Musgrove,Female,486-396-5303,cmusgrovede@youtube.com,6/7/1980,482
484,Carson Sorrell,Male,836-135-6195,csorrelldf@biblegateway.com,12/13/1977,177
485,Alleyn Beckworth,Male,403-890-1290,abeckworthdg@harvard.edu,4/3/1978,11
486,Marika Slaymaker,Female,256-578-3470,mslaymakerdh@mtv.com,9/24/1973,72
487,Averell Mandy,,803-300-5325,amandydi@marketwatch.com,12/28/1995,595
488,Erin Stillgoe,Female,300-129-2569,estillgoedj@photobucket.com,7/2/1967,220
489,Ella Colleford,Female,739-214-5918,ecolleforddk@forbes.com,6/3/1964,579
490,Maudie Rupprecht,Female,203-208-0140,mrupprechtdl@sina.com.cn,11/5/1972,339
491,King Marzele,Male,806-994-1679,kmarzeledm@cornell.edu,2/16/1988,790
492,Mavis Axelbee,Female,536-383-2500,maxelbeedn@foxnews.com,8/30/1987,635
493,Desiri Jackling,Female,713-442-8575,djacklingdo@mozilla.com,7/2/1996,259
494,Gran Craythorn,Male,512-795-7968,gcraythorndp@homestead.com,3/29/1985,37
495,Murdoch Vidineev,Male,504-305-9414,mvidineevdq@live.com,4/27/1956,388
496,Suellen Perrelle,Female,622-923-6292,sperrelledr@g.co,5/6/1996,70
497,Melly Turvie,Female,152-275-9967,mturvieds@opera.com,6/17/1983,769
498,Bailey Loukes,Male,591-625-9025,bloukesdt@chronoengine.com,4/30/1984,796
499,Herc Matlock,Male,549-564-6646,hmatlockdu@state.gov,8/21/1978,640
500,Alikee Overill,Female,870-552-5063,aoverilldv@sciencedaily.com,5/18/1985,580
501,Ange Grundon,,678-835-7037,agrundondw@ihg.com,7/31/1957,686
502,Curcio Vearnals,Male,367-504-0953,cvearnalsdx@prlog.org,12/31/1987,399
503,Hersch Vallantine,Male,978-229-0986,hvallantinedy@toplist.cz,6/14/1996,241
504,Cathlene Reddish,Female,223-394-3625,creddishdz@umn.edu,6/18/1961,35
505,Archie Ogborne,Male,649-162-4111,aogbornee0@eepurl.com,7/14/2000,800
506,Granny Blasiak,Male,546-463-0418,gblasiake1@feedburner.com,10/5/1987,740
507,Tybie Paddemore,Female,781-580-9345,tpaddemoree2@jugem.jp,8/15/1957,488
508,D'arcy Callan,Male,473-337-3969,dcallane3@i2i.jp,7/21/1958,602
509,Sandra Riteley,Female,714-385-1132,sriteleye4@sphinn.com,3/3/1994,698
510,Trevar Alster,Male,521-123-9063,talstere5@geocities.jp,7/12/1960,83
511,Melamie Iveson,Female,163-740-6753,mivesone6@plala.or.jp,8/30/1962,491
512,Godfrey Furst,Male,202-811-6460,gfurste7@ebay.com,5/28/1984,162
513,William MacConnal,Male,509-337-6447,wmacconnale8@google.it,7/11/1994,719
514,Stephine Reyburn,Female,303-310-8936,sreyburne9@t-online.de,1/3/1953,413
515,Cob Stobo,Male,232-358-7569,cstoboea@globo.com,6/13/1990,564
516,Garik Loy,Male,498-908-0076,gloyeb@yellowpages.com,12/1/1978,444
517,Bernice De Lisle,Female,485-126-6971,bdeec@europa.eu,6/8/1968,569
518,Constantin Bleue,Male,793-812-7799,cbleueed@cbc.ca,9/8/1959,60
519,Marabel Thirtle,Female,107-211-1967,mthirtleee@printfriendly.com,12/27/1983,947
520,Chip Masserel,Male,703-474-2783,cmasserelef@usda.gov,6/25/1970,869
521,Brook McCarron,Male,211-344-6368,bmccarroneg@shinystat.com,9/18/1989,151
522,Hayyim MacHostie,Male,469-353-4366,hmachostieeh@soup.io,1/9/1965,849
523,Denys Wardle,Female,908-796-5745,dwardleei@adobe.com,12/28/1992,323
524,Reggie Exall,Female,484-526-4636,rexallej@myspace.com,6/18/1953,585
525,Keene Matiewe,Male,856-545-2173,kmatieweek@cocolog-nifty.com,6/3/1988,283
526,Ebeneser Handlin,Male,994-807-0916,ehandlinel@fastcompany.com,5/11/1959,928
527,Truman Arblaster,Male,614-309-8326,tarblasterem@nydailynews.com,4/3/1962,171
528,Philipa Rushbury,Female,277-376-8495,prushburyen@woothemes.com,12/5/1963,86
529,Noby Pittet,Male,576-552-2737,npitteteo@berkeley.edu,7/18/1967,953
530,Tyson Hathorn,Male,966-323-4153,thathornep@qq.com,4/3/1994,268
531,Britteny Rhys,Female,418-268-2133,brhyseq@cisco.com,1/7/1971,775
532,Elmore Yourell,Male,708-387-5976,eyoureller@hibu.com,6/21/1963,24
533,Graeme Shelborne,Male,746-730-5883,gshelbornees@privacy.gov.au,9/9/1999,694
534,Mireille Robun,Female,311-101-8729,mrobunet@google.com.br,5/14/1969,329
535,Weber Thames,Male,162-229-6470,wthameseu@exblog.jp,9/20/1988,503
536,Sarajane Sheaber,Female,463-762-3955,ssheaberev@wired.com,5/18/2000,830
537,Cordy Zollner,Female,245-709-6158,czollnerew@admin.ch,12/30/1975,285
538,Lou Drynan,Male,747-702-6008,ldrynanex@t.co,8/26/1966,639
539,Esteban Owttrim,Male,699-314-1132,eowttrimey@wikimedia.org,2/22/1977,507
540,Daniela Gartery,Female,105-114-5933,dgarteryez@cbslocal.com,7/2/1959,421
541,Barty Ginnane,Male,859-318-2682,bginnanef0@github.io,11/1/1970,347
542,Donnie Clendening,Male,519-393-0797,dclendeningf1@cdc.gov,8/17/1984,310
543,Devin Blasing,Male,878-408-9917,dblasingf2@microsoft.com,12/7/1976,312
544,Alyss Austick,Female,795-249-4761,aaustickf3@comcast.net,6/27/1995,879
545,Meagan Rosnau,Female,232-355-0003,mrosnauf4@desdev.cn,2/24/1999,633
546,Lilah McClosh,Female,532-425-5516,lmccloshf5@blogtalkradio.com,8/30/1963,518
547,Josias Fairbourne,Male,469-700-3622,jfairbournef6@gmpg.org,11/8/1990,473
548,Shannah Dobell,Female,893-772-5106,sdobellf7@wikipedia.org,11/3/1957,330
549,Ernest Matcham,Male,780-911-3737,ematchamf8@fotki.com,3/20/1986,784
550,Kliment O' Quirk,Male,175-991-3626,kof9@pcworld.com,6/23/1956,718
551,Norma McCrostie,Female,684-103-1323,nmccrostiefa@yellowbook.com,11/10/1964,792
552,Whit Bachs,Male,940-665-9390,wbachsfb@meetup.com,1/12/1981,962
553,Shauna Shoebotham,Female,971-148-8215,sshoebothamfc@usgs.gov,5/2/1980,279
554,Ingram Cassely,Male,564-211-6811,icasselyfd@skyrock.com,3/8/1951,277
555,Tine Goody,Female,822-640-9614,tgoodyfe@digg.com,10/1/1978,654
556,Noelle Jachimak,Female,292-782-3891,njachimakff@about.com,7/20/1993,43
557,Staffard Teodoro,Male,716-895-1185,steodorofg@soundcloud.com,8/26/1966,156
558,Phillida Gladbach,Female,562-362-8907,pgladbachfh@reddit.com,8/29/1977,42
559,Arly McKeating,Female,334-498-9820,amckeatingfi@i2i.jp,12/10/1969,931
560,Norrie Filipchikov,Female,528-739-6933,nfilipchikovfj@google.ru,11/6/1992,115
561,Elsa Custy,Female,648-384-9006,ecustyfk@networkadvertising.org,1/26/1960,291
562,Burk Lewsley,Male,164-942-3391,blewsleyfl@privacy.gov.au,6/15/1964,28
563,Fanchon Stuehmeier,Female,902-212-3631,fstuehmeierfm@goo.gl,8/4/1997,340
564,Chucho Vaen,Male,465-986-1493,cvaenfn@earthlink.net,2/3/1981,5
565,Gabie Pevie,Female,312-229-3723,gpeviefo@nhs.uk,3/11/1958,118
566,Joshua Quade,Male,452-584-8399,jquadefp@amazon.com,5/24/1950,839
567,Alexina Sharpling,Female,897-662-1734,asharplingfq@businessweek.com,8/19/1964,596
568,Pauletta Mollett,,882-766-0887,pmollettfr@symantec.com,8/3/1957,427
569,Balduin Beament,Male,100-545-2727,bbeamentfs@github.com,4/2/1987,89
570,Bryna Tromans,Female,911-998-9584,btromansft@liveinternet.ru,5/21/1991,174
571,Selena Lillie,Female,239-743-7180,slilliefu@rediff.com,1/3/1976,267
572,Devina Kahan,Female,993-785-0525,dkahanfv@friendfeed.com,7/28/1995,875
573,Dona Mollin,Female,204-261-2391,dmollinfw@nsw.gov.au,3/1/1955,932
574,Vicki Amott,,862-917-1042,vamottfx@symantec.com,9/14/1985,49
575,Arlee Goldsbrough,Female,926-273-4035,agoldsbroughfy@mozilla.com,12/14/1961,757
576,Ronni Crowd,,533-683-7409,rcrowdfz@state.gov,7/24/1956,510
577,Ralf Branche,Male,405-242-7031,rbrancheg0@apple.com,3/22/2000,720
578,Cyrillus Donnett,Male,285-530-7463,cdonnettg1@omniture.com,12/3/1957,180
579,Bartolemo Caselick,Male,320-143-2613,bcaselickg2@wordpress.com,6/16/1978,469
580,Benedick Huxham,Male,139-485-8109,bhuxhamg3@fc2.com,7/19/1996,397
581,Bunny Noakes,Female,846-707-4100,bnoakesg4@vimeo.com,1/22/1992,901
582,Gaby May,Male,346-217-2573,gmayg5@blinklist.com,6/14/1977,923
583,Neal Jenkyn,Male,296-404-7169,njenkyng6@storify.com,10/1/1991,188
584,Gaile Pither,Male,528-234-6075,gpitherg7@indiatimes.com,11/3/1972,935
585,Beverlie Stanwix,Female,507-274-0494,bstanwixg8@reddit.com,8/12/1989,780
586,Yale Sibson,Male,786-618-7808,ysibsong9@bbb.org,11/15/1964,951
587,Emeline Brilleman,Female,153-582-0823,ebrillemanga@abc.net.au,2/14/1968,553
588,Rudolfo Gardener,Male,603-755-2281,rgardenergb@army.mil,11/29/1996,848
589,Brew Sobczak,Male,432-285-9006,bsobczakgc@51.la,3/25/1994,176
590,Durand Ramelot,Male,170-169-7235,dramelotgd@stumbleupon.com,5/25/1976,209
591,Adam Wilbud,Male,409-264-3702,awilbudge@diigo.com,7/9/1992,79
592,Euell Onthank,Male,269-404-7892,eonthankgf@earthlink.net,9/6/1953,292
593,Gianni Boutellier,Male,399-358-7326,gboutelliergg@typepad.com,7/22/1994,125
594,Sim Mounsey,Male,634-545-4924,smounseygh@squidoo.com,5/23/2000,407
595,Nessi Readmire,Female,609-382-3591,nreadmiregi@so-net.ne.jp,12/6/1987,94
596,Levy Goldson,Male,370-710-3824,lgoldsongj@xrea.com,7/22/1999,641
597,Devon Challinor,Female,243-914-8926,dchallinorgk@wordpress.org,9/3/1978,874
598,Michal Poacher,Male,735-286-2733,mpoachergl@desdev.cn,9/22/1977,144
599,Forster MacLese,Male,106-593-7861,fmaclesegm@java.com,9/12/1952,505
600,Shell Dulton,Male,648-366-3032,sdultongn@lulu.com,1/30/1995,753
601,Dalenna Kerridge,Female,260-586-0359,dkerridgego@miibeian.gov.cn,10/14/1991,40
602,Letta Stebles,Female,590-876-2654,lsteblesgp@joomla.org,1/24/1965,568
603,Torrey Mattis,Male,170-638-5872,tmattisgq@nature.com,2/22/1981,859
604,Gabbey Heeley,Female,107-140-0656,gheeleygr@weebly.com,8/21/1954,332
605,Dorian Bleby,Female,723-898-4578,dblebygs@wordpress.org,7/15/1958,773
606,Carlie Rudeforth,Female,921-670-5396,crudeforthgt@jimdo.com,6/24/1954,327
607,Ben Pidgeon,Male,890-194-0714,bpidgeongu@barnesandnoble.com,8/18/1954,563
608,Rori Schukert,Female,317-478-0468,rschukertgv@bloomberg.com,6/3/1965,39
609,Orelle Piell,Female,205-395-0183,opiellgw@mail.ru,2/5/1973,985
610,Shir Nestor,Female,657-660-7430,snestorgx@fastcompany.com,1/17/1995,817
611,Carlin Minichillo,Male,697-944-4271,cminichillogy@php.net,4/22/1993,359
612,Traver Pinel,Male,616-511-3735,tpinelgz@weebly.com,6/1/1992,140
613,Nealy Bartoszewicz,Male,465-417-6068,nbartoszewiczh0@bloglovin.com,3/2/1993,521
614,Ophelie Hartlebury,Female,455-913-7868,ohartleburyh1@sun.com,5/29/1954,680
615,Forbes Faircliffe,Male,820-140-6571,ffaircliffeh2@uiuc.edu,10/9/1957,845
616,Kelley Eskriett,Female,737-615-8125,keskrietth3@fotki.com,10/17/1962,170
617,Chaddie Poskitt,Male,927-836-5882,cposkitth4@qq.com,7/7/1984,762
618,Teodorico Sommerland,Male,362-454-4505,tsommerlandh5@ucoz.ru,6/20/1991,62
619,Wendall Boydle,Male,712-784-0170,wboydleh6@businessinsider.com,3/3/1984,914
620,Felicia Kennifeck,,633-912-2667,fkennifeckh7@digg.com,6/14/1967,270
621,Krystyna McKie,Female,287-394-4054,kmckieh8@sciencedirect.com,7/7/1974,123
622,Shellie Hudspeth,Female,406-210-2227,shudspethh9@arstechnica.com,7/5/1959,679
623,Eddie Seddon,,844-801-6804,eseddonha@wunderground.com,9/1/1961,113
624,Charlot Enriques,Female,447-846-9491,cenriqueshb@themeforest.net,4/25/1994,929
625,Abra Bruneau,Female,626-121-0925,abruneauhc@oracle.com,8/14/1951,96
626,Alfy Pagram,Female,342-127-2688,apagramhd@blinklist.com,8/20/1997,102
627,Nicholle Izen,Female,564-790-3063,nizenhe@foxnews.com,10/18/1984,234
628,Victoir Simonel,Male,138-247-4354,vsimonelhf@google.nl,6/5/1961,338
629,Selene Aveyard,Female,470-281-9304,saveyardhg@statcounter.com,8/23/1980,403
630,Hewe Rivallant,Male,360-885-7264,hrivallanthh@paypal.com,4/30/1952,853
631,Diannne Bolf,Female,524-105-7482,dbolfhi@usatoday.com,8/28/1988,36
632,Cletis Vassel,Male,763-228-6128,cvasselhj@elegantthemes.com,11/21/1999,628
633,Rouvin Matoshin,Male,982-443-6843,rmatoshinhk@google.co.jp,4/17/1961,317
634,Jay Duetsche,,918-882-3499,jduetschehl@aol.com,3/7/1981,506
635,Kirbie Antonich,Female,631-791-7817,kantonichhm@redcross.org,3/22/1998,626
636,Brander Ainsworth,Male,253-761-3733,bainsworthhn@discovery.com,9/12/1983,396
637,Tades Jowett,Male,952-216-5867,tjowettho@github.com,12/8/1970,142
638,Cordie Wanjek,Female,929-637-6183,cwanjekhp@fc2.com,7/29/1984,946
639,Darnall Cozens,Male,656-696-0872,dcozenshq@squarespace.com,3/11/1956,709
640,Oby Erickssen,Male,736-192-4791,oerickssenhr@webmd.com,6/16/1952,810
641,Angelo Tchaikovsky,Male,495-417-1465,atchaikovskyhs@mlb.com,8/15/1977,992
642,Rena Clever,Female,448-806-0995,rcleverht@nasa.gov,2/5/1970,532
643,Leonora Jacomb,Female,880-228-4065,ljacombhu@alexa.com,8/29/1987,14
644,Nelia Richt,Female,107-149-0402,nrichthv@taobao.com,9/29/1971,802
645,Gardener Costa,Male,863-746-4196,gcostahw@addtoany.com,9/28/1982,245
646,Gwen Hullbrook,Female,664-930-6490,ghullbrookhx@japanpost.jp,3/14/1995,517
647,Gardie Barsham,Male,225-160-3472,gbarshamhy@house.gov,2/21/1997,372
648,Donaugh Deyes,,189-321-5457,ddeyeshz@ucsd.edu,11/22/1997,779
649,Fielding Syalvester,Male,808-445-5255,fsyalvesteri0@va.gov,5/11/1979,398
650,Carri Swanger,Female,939-630-9281,cswangeri1@nps.gov,9/11/1967,366
651,Franklyn Asple,Male,887-170-0960,fasplei2@dropbox.com,3/15/1953,95
652,Indira Bavridge,Female,489-324-5655,ibavridgei3@unesco.org,6/10/2000,54
653,Mano Milier,Male,109-417-9168,mmilieri4@topsy.com,2/26/1955,77
654,Heida Dikles,Female,651-542-0752,hdiklesi5@de.vu,12/11/1991,565
655,Faber Stratton,Male,644-478-6623,fstrattoni6@noaa.gov,11/19/1996,915
656,Joana Moylane,Female,226-290-5518,jmoylanei7@fc2.com,8/10/1979,31
657,Hercule Wallington,Male,394-816-5364,hwallingtoni8@blogtalkradio.com,2/24/1982,647
658,Joy Meriet,Female,928-120-4890,jmerieti9@thetimes.co.uk,9/7/1976,788
659,Starla Penella,Female,320-279-8886,spenellaia@cisco.com,2/28/1973,630
660,Loraine Dienes,Female,283-409-3341,ldienesib@cloudflare.com,11/19/1969,973
661,Ashley Ramiro,Male,250-380-0071,aramiroic@domainmarket.com,8/20/1985,493
662,Flory Dunstall,Male,234-335-8779,fdunstallid@washingtonpost.com,8/22/1997,52
663,Karla Lasslett,Female,713-712-4639,klasslettie@jalbum.net,4/3/1999,574
664,Ulick Whittleton,Male,927-208-3862,uwhittletonif@addthis.com,7/25/1977,811
665,Dion Sennett,Female,858-581-8110,dsennettig@google.com.au,2/1/1962,256
666,Christabella Chattell,Female,414-767-5538,cchattellih@eventbrite.com,1/25/1987,644
667,Ki Iacovino,Female,116-149-1048,kiacovinoii@ebay.co.uk,12/22/1970,733
668,Margarita Plumbe,Female,876-645-4159,mplumbeij@weebly.com,11/15/1956,898
669,Mario MacRirie,Male,787-456-9455,mmacririeik@simplemachines.org,9/17/1965,986
670,Bevon Littler,,267-459-5136,blittleril@chicagotribune.com,7/21/1991,13
671,Lorrie Bohan,Male,343-219-7581,lbohanim@ucsd.edu,7/10/1987,705
672,Pepillo Joint,Male,443-404-2072,pjointin@cbc.ca,6/11/1964,348
673,Vassili Elijah,Male,987-961-5464,velijahio@fc2.com,9/30/1961,714
674,Jake Worwood,Male,526-678-3856,jworwoodip@desdev.cn,12/7/1973,706
675,Jana Sidsaff,Female,792-785-5172,jsidsaffiq@usda.gov,3/27/1962,22
676,Mildred Antoshin,Female,644-746-1329,mantoshinir@tiny.cc,9/7/1977,360
677,Marguerite Dounbare,Female,487-357-9334,mdounbareis@usa.gov,9/17/1983,368
678,Jeniece Fiddy,Female,130-179-9319,jfiddyit@epa.gov,1/13/1983,328
679,Renaldo MacAlaster,Male,583-783-1783,rmacalasteriu@example.com,12/12/1982,837
680,Flor Holburn,Female,117-969-7182,fholburniv@psu.edu,11/28/1975,227
681,Garrett Rann,,550-502-8321,granniw@rediff.com,10/3/1950,284
682,Garth Cartan,Male,976-462-8886,gcartanix@weebly.com,9/5/1976,674
683,Prudi Crace,Female,986-363-7366,pcraceiy@goodreads.com,3/9/1959,293
684,Maire Castagna,Female,923-928-6714,mcastagnaiz@feedburner.com,9/14/1970,745
685,Carlotta Bohden,Female,914-159-1191,cbohdenj0@smh.com.au,9/15/1996,712
686,Ceil Morena,Female,654-353-9138,cmorenaj1@google.cn,8/10/1984,907
687,Jolee Alekhov,Female,339-655-3827,jalekhovj2@twitpic.com,6/22/1980,117
688,Eloisa Ferreli,Female,805-423-8742,eferrelij3@nhs.uk,5/14/1973,47
689,Marabel Asbery,Female,304-282-6494,masberyj4@live.com,6/9/1978,852
690,Val Snelgrove,Male,928-340-9744,vsnelgrovej5@squidoo.com,3/6/1977,952
691,Boonie Assaf,,870-936-0035,bassafj6@posterous.com,2/25/1985,976
692,Finn Torns,Male,918-415-2369,ftornsj7@fema.gov,3/23/1979,755
693,Marylee Brugger,Female,287-656-9524,mbruggerj8@linkedin.com,8/19/1968,207
694,Katharyn Marrow,Female,296-360-4115,kmarrowj9@amazon.co.jp,8/19/1987,124
695,Dew Watson,Male,603-251-8066,dwatsonja@ehow.com,10/25/1993,700
696,Dell O'Hartigan,Female,782-966-5607,dohartiganjb@yelp.com,8/31/1975,411
697,Vania Rakestraw,Female,609-209-3894,vrakestrawjc@slashdot.org,9/26/1989,846
698,Sauveur Hardi,Male,205-749-4508,shardijd@myspace.com,3/16/1964,150
699,Iolande Geffcock,Female,813-595-2631,igeffcockje@yale.edu,6/19/1976,261
700,Grethel Jiricka,Female,408-662-9506,gjirickajf@home.pl,6/8/1996,903
701,Zitella Speariett,Female,351-277-1509,zspeariettjg@nifty.com,3/10/1972,229
702,Verena Cowser,Female,280-746-1496,vcowserjh@nba.com,6/26/1979,627
703,Charyl Fishly,,855-197-1503,cfishlyji@hao123.com,10/26/1983,937
704,Twyla Orrah,Female,253-671-5711,torrahjj@imdb.com,1/29/1986,278
705,Thacher Sitwell,Male,631-990-5983,tsitwelljk@irs.gov,1/28/1969,349
706,Tan Leadbetter,Male,232-821-6642,tleadbetterjl@cyberchimps.com,1/1/1953,318
707,Jolynn Morling,Female,458-274-1076,jmorlingjm@fema.gov,8/23/1974,51
708,Myca Stennard,Male,190-193-4131,mstennardjn@goodreads.com,3/31/1954,926
709,Devland Fenwick,Male,319-793-9110,dfenwickjo@linkedin.com,2/12/1977,148
710,Malinda Garmey,Female,727-554-5853,mgarmeyjp@merriam-webster.com,7/10/1973,682
711,Virgie Pulman,Female,505-397-8996,vpulmanjq@flickr.com,6/16/1984,208
712,Earle Watkiss,Male,431-141-4060,ewatkissjr@webmd.com,4/13/1998,660
713,Jaime Murrison,Female,854-328-8466,jmurrisonjs@newyorker.com,1/9/1985,534
714,Standford Frood,Male,923-822-8464,sfroodjt@constantcontact.com,7/2/1980,611
715,Stearne Haibel,Male,224-263-7070,shaibelju@wiley.com,10/10/1954,523
716,Catha Dounbare,Female,954-845-9969,cdounbarejv@icio.us,10/28/1953,502
717,Sally Urion,Female,946-220-7009,surionjw@tuttocitta.it,1/12/1959,25
718,Stephanus Comerford,Male,579-923-2000,scomerfordjx@sciencedirect.com,7/6/1956,134
719,Jodie Meller,Male,781-911-6999,jmellerjy@hhs.gov,2/23/1971,6
720,Zelma Colles,Female,278-661-9025,zcollesjz@godaddy.com,6/6/1975,656
721,Julianne Mulholland,Female,128-983-9478,jmulhollandk0@icio.us,12/19/1958,251
722,Magnum Renforth,Male,242-719-7637,mrenforthk1@fotki.com,9/16/1981,449
723,Feliks Bardell,,730-537-4297,fbardellk2@ucsd.edu,9/2/1959,462
724,Hersh Aleksandrov,Male,954-543-6714,haleksandrovk3@slideshare.net,7/7/1951,566
725,Gerda Bratley,Female,105-581-3245,gbratleyk4@technorati.com,8/6/1988,474
726,Ellette Yarnell,Female,231-891-7907,eyarnellk5@pagesperso-orange.fr,1/6/1965,687
727,Allyn Semeradova,Male,582-769-6444,asemeradovak6@mayoclinic.com,1/3/1973,8
728,Corina Fellnee,Female,898-709-0375,cfellneek7@blinklist.com,3/25/1976,954
729,Scotty Mee,Male,343-363-3803,smeek8@wunderground.com,6/11/1974,631
730,Travus Tuffin,Male,687-525-7548,ttuffink9@shop-pro.jp,4/21/1951,412
731,Sarita Tritten,Female,981-267-1465,strittenka@cdbaby.com,6/15/1957,649
732,Alexina Vernham,Female,664-649-2875,avernhamkb@last.fm,7/8/1996,616
733,Amber Rich,Female,493-923-3643,arichkc@pcworld.com,2/14/1984,806
734,Michal Breydin,Male,508-691-7026,mbreydinkd@facebook.com,1/31/1961,789
735,Terence Coopman,Male,999-248-1523,tcoopmanke@liveinternet.ru,12/4/1955,44
736,Arlena Brandle,Female,479-160-9002,abrandlekf@alibaba.com,1/14/1986,818
737,Reese Jahn,Male,216-235-7776,rjahnkg@fc2.com,3/11/1961,138
738,Nisse Dodgshun,Female,309-226-2680,ndodgshunkh@arizona.edu,10/30/1991,457
739,Noam Huxton,Male,143-781-6317,nhuxtonki@seattletimes.com,7/24/1987,739
740,Gisela Leathem,Female,797-601-3109,gleathemkj@elegantthemes.com,8/12/1979,381
741,Addy Kwietak,Female,544-677-2883,akwietakkk@dot.gov,6/20/1969,562
742,Catriona Kobke,Female,239-433-0917,ckobkekl@simplemachines.org,2/17/1971,756
743,Jordanna Gatiss,Female,791-136-8278,jgatisskm@bing.com,4/9/1965,395
744,Dewie Welsh,Male,150-463-0718,dwelshkn@prweb.com,9/28/1974,966
745,Bogey Dowbiggin,Male,351-961-7351,bdowbigginko@engadget.com,3/29/1998,38
746,Ezequiel Ryrie,Male,416-337-8662,eryriekp@stanford.edu,12/30/1982,175
747,Golda Hardingham,Female,103-636-6731,ghardinghamkq@phpbb.com,9/6/1964,943
748,Robinia Gittens,Female,639-747-4147,rgittenskr@creativecommons.org,12/27/1969,380
749,Jemie Francino,Female,165-275-6825,jfrancinoks@thetimes.co.uk,6/8/1994,441
750,Marlena Benet,Female,443-497-2959,mbenetkt@multiply.com,12/30/1997,819
751,Geordie Jeannot,Male,953-489-2696,gjeannotku@vinaora.com,9/10/1981,524
752,Rozelle Palliser,Female,494-148-1587,rpalliserkv@edublogs.org,8/11/1953,97
753,Rutter Roz,Male,642-667-7463,rrozkw@home.pl,12/21/1953,878
754,Lishe Skilbeck,Female,848-255-1422,lskilbeckkx@hatena.ne.jp,4/26/1994,795
755,Mariya Bridgman,Female,721-504-2069,mbridgmanky@sun.com,1/2/1984,4
756,Berni Folkes,Female,358-301-0315,bfolkeskz@aol.com,2/27/1984,824
757,Ware Peggrem,Male,492-504-1287,wpeggreml0@fotki.com,8/11/1967,645
758,Cher Idle,Female,428-411-6704,cidlel1@purevolume.com,6/9/1953,559
759,Rad Stonary,Male,361-158-6913,rstonaryl2@globo.com,11/6/1995,741
760,Aylmar Sidlow,Male,353-160-5495,asidlowl3@archive.org,2/3/1990,244
761,Carter Laidlaw,Male,310-656-6918,claidlawl4@etsy.com,1/6/1991,661
762,Anetta Besemer,Female,481-478-8955,abesemerl5@google.it,5/16/1950,750
763,Ansel Doulden,Male,921-300-5533,adouldenl6@sphinn.com,9/10/1974,930
764,Muire Gegay,Female,974-409-1498,mgegayl7@telegraph.co.uk,8/21/1973,16
765,Cornie Garman,Female,875-919-6700,cgarmanl8@howstuffworks.com,5/31/1983,671
766,Bucky Glidden,Male,947-237-5816,bgliddenl9@ucoz.ru,11/29/1965,425
767,Barn Cisson,Male,601-820-7870,bcissonla@wsj.com,5/11/1956,587
768,Corabel Dorsett,Female,535-824-1190,cdorsettlb@comsenz.com,7/13/1996,64
769,Beverlee Favey,Female,155-269-9551,bfaveylc@dell.com,2/28/1983,247
770,Raynell Kenright,Female,859-581-9670,rkenrightld@epa.gov,9/27/1991,370
771,Bax Henriquet,Male,103-170-3623,bhenriquetle@oaic.gov.au,5/22/1955,688
772,Kirby Ibanez,Male,739-633-8325,kibanezlf@washingtonpost.com,5/2/1962,526
773,Carma Asher,Female,332-885-6597,casherlg@globo.com,2/16/1986,703
774,Selby Mottinelli,Male,245-718-4636,smottinellilh@pcworld.com,12/5/1959,604
775,Damian Ridge,Male,438-510-9038,dridgeli@gov.uk,11/30/1954,17
776,Esmaria de Savery,Female,610-146-0903,edelj@geocities.jp,7/21/1961,419
777,Humfried Facchini,Male,533-847-2066,hfacchinilk@acquirethisname.com,5/30/1952,350
778,Gerry Heale,Female,680-391-7768,ghealell@digg.com,6/18/1981,447
779,Englebert Tidder,Male,154-855-4775,etidderlm@bbb.org,9/15/1979,129
780,Nero Fretson,Male,628-743-4703,nfretsonln@lulu.com,9/14/1972,850
781,Noami Jelley,Female,514-274-4218,njelleylo@scribd.com,4/24/1959,791
782,Sibelle O'Mailey,Female,150-768-1199,somaileylp@sogou.com,3/16/2000,78
783,Mackenzie Dreger,Male,127-754-5246,mdregerlq@ehow.com,3/6/1994,893
784,Perice Wolsey,Male,766-618-2595,pwolseylr@1und1.de,3/13/1959,809
785,Wandis Dancer,Female,140-618-1036,wdancerls@godaddy.com,5/24/1981,609
786,Deborah Mawhinney,Female,162-387-8341,dmawhinneylt@zimbio.com,7/20/1973,567
787,Myra Chaff,Female,212-671-9196,mchafflu@yellowbook.com,11/13/1987,159
788,Stu Venediktov,Male,220-307-3662,svenediktovlv@cdbaby.com,12/12/1979,690
789,Everard Smorthwaite,Male,232-632-1537,esmorthwaitelw@arizona.edu,3/28/1965,85
790,Terza Dulton,Female,760-953-1076,tdultonlx@stumbleupon.com,1/7/1982,164
791,Ab Doyland,Male,196-924-2874,adoylandly@sphinn.com,2/8/1950,216
792,Meridith Brook,,608-661-8317,mbrooklz@fda.gov,3/10/1965,56
793,Bessie Waterman,Female,138-146-1733,bwatermanm0@google.ru,12/20/1968,515
794,Michale McCuffie,Male,812-369-7938,mmccuffiem1@theglobeandmail.com,5/25/1953,612
795,Freddie Cutts,Male,151-772-3310,fcuttsm2@ameblo.jp,9/15/1987,215
796,Matthaeus Blencoe,Male,257-434-7072,mblencoem3@nhs.uk,4/12/1979,321
797,Hilton Pennoni,Male,652-497-1004,hpennonim4@alexa.com,8/29/1988,798
798,Marietta Rosenhaupt,Male,680-716-8068,mrosenhauptm5@myspace.com,2/25/1979,185
799,Theadora Jeratt,Female,287-889-9290,tjerattm6@webmd.com,10/2/1951,575
800,Piotr Willimot,Male,159-580-1279,pwillimotm7@utexas.edu,3/5/1950,26
801,Ericha Kenchington,Female,692-259-5087,ekenchingtonm8@chronoengine.com,3/28/1984,613
802,Venita Milne,Female,666-535-6510,vmilnem9@fotki.com,11/14/1989,572
803,Tannie Overstone,Male,965-639-4102,toverstonema@sina.com.cn,11/7/1999,354
804,Hoebart Nunan,Male,825-305-5361,hnunanmb@usa.gov,2/10/1951,402
805,Bartel Doggerell,Male,548-940-0399,bdoggerellmc@sun.com,10/4/1970,774
806,Patten Fearn,Male,378-902-4781,pfearnmd@utexas.edu,5/1/1980,964
807,Albina Balmadier,Female,422-821-3129,abalmadierme@earthlink.net,5/14/1973,934
808,Eve Tollmache,Female,291-931-3569,etollmachemf@jalbum.net,6/5/1957,415
809,Chaddy Boltwood,Male,929-466-1447,cboltwoodmg@guardian.co.uk,5/3/1963,793
810,Iain Kraft,Male,561-636-9952,ikraftmh@nasa.gov,11/27/1974,476
811,Derrek Lodevick,Male,155-509-0728,dlodevickmi@loc.gov,12/23/1988,309
812,Yves Dobel,Male,770-363-4501,ydobelmj@jimdo.com,9/15/1997,697
813,Hobey Turmel,Male,110-807-7813,hturmelmk@cnbc.com,7/29/1962,983
814,Krishna Posvner,Male,100-555-0357,kposvnerml@slate.com,10/1/1971,764
815,Jesus Bassam,Male,738-977-6160,jbassammm@cloudflare.com,3/30/1972,434
816,Kassandra Margaritelli,Female,239-271-8462,kmargaritellimn@histats.com,9/22/1975,570
817,Bryn Tolomelli,Male,851-178-3566,btolomellimo@hibu.com,10/8/1967,722
818,Minny Castlake,Female,473-360-9566,mcastlakemp@reverbnation.com,5/30/1996,796
819,Huntlee Gavaghan,Male,891-697-0477,hgavaghanmq@amazon.com,11/26/1975,500
820,Meggy Westrope,Female,209-263-1326,mwestropemr@tripadvisor.com,2/19/1954,944
821,Taylor Crips,Male,231-366-3627,tcripsms@fotki.com,7/13/1983,53
822,Flo McBride,Female,965-652-3795,fmcbridemt@rambler.ru,1/21/1971,230
823,Laurice O'Caherny,Female,658-362-8931,locahernymu@businesswire.com,6/18/1978,136
824,Karlotta Ridewood,Female,105-749-8356,kridewoodmv@ted.com,8/2/1971,665
825,Carlen Clarkin,Female,665-749-7223,cclarkinmw@google.ru,6/11/1980,67
826,Gerta Tassell,Female,204-581-1150,gtassellmx@craigslist.org,9/7/1986,729
827,Louise Connick,Female,908-416-0334,lconnickmy@cdc.gov,9/13/1987,613
828,Zoe End,Female,295-207-9784,zendmz@issuu.com,11/7/1997,778
829,Ab Dummer,Male,351-777-9303,adummern0@edublogs.org,4/11/1969,421
830,Nikolai Willshee,Male,956-503-7872,nwillsheen1@qq.com,5/14/2000,551
831,Abra Pummery,Female,615-800-1769,apummeryn2@examiner.com,6/19/1954,942
832,Towney Ben,Male,713-332-4560,tbenn3@free.fr,12/6/1990,110
833,Alix Kiwitz,,997-206-9828,akiwitzn4@about.com,6/8/1967,177
834,Berte De Filippo,Female,575-330-0918,bden5@ihg.com,4/26/1977,947
835,Jo ann Turton,Female,485-771-5708,jannn6@zimbio.com,6/19/1981,314
836,Merissa Hearnden,Female,305-923-6087,mhearndenn7@ezinearticles.com,10/29/1953,63
837,Barnard McGarry,Male,800-593-2822,bmcgarryn8@g.co,2/21/1962,458
838,Kurt Melding,Male,128-762-0291,kmeldingn9@statcounter.com,10/30/1987,333
839,Kendell Atteridge,Male,204-905-1757,katteridgena@psu.edu,8/14/1965,372
840,Inesita Stoppard,Female,445-234-6066,istoppardnb@1und1.de,12/7/1952,823
841,Nike Joddens,Female,604-480-4801,njoddensnc@hao123.com,8/11/1973,626
842,Silvain Gracey,Male,770-118-8710,sgraceynd@issuu.com,4/4/1953,532
843,Lorie Penylton,Female,224-531-4975,lpenyltonne@economist.com,6/28/1966,321
844,Tripp Simyson,Male,449-551-1575,tsimysonnf@google.co.uk,5/4/1998,289
845,Rafaela Simmig,Female,397-866-9415,rsimmigng@yellowbook.com,1/26/1977,82
846,Shaw Lancley,Male,422-554-9975,slancleynh@mit.edu,5/15/1975,682
847,Rora Margaret,Female,751-376-8005,rmargaretni@shinystat.com,7/14/1977,725
848,Clarabelle Colaton,Female,373-195-5943,ccolatonnj@zdnet.com,1/31/1991,68
849,Gordie Jorger,Male,793-445-7641,gjorgernk@newyorker.com,7/4/1986,11
850,Nollie McNamara,Female,722-280-8975,nmcnamaranl@uol.com.br,2/17/1993,16
851,Elmore Murdy,Male,602-368-0782,emurdynm@aol.com,4/20/1993,712
852,Anabella Zucker,Female,767-277-3466,azuckernn@yahoo.co.jp,5/20/1995,513
853,Arte Gibb,Male,833-916-0885,agibbno@diigo.com,7/1/1976,617
854,Ali Folland,Male,761-920-6200,afollandnp@lycos.com,2/7/1986,428
855,Carree Enochsson,Female,199-118-0859,cenochssonnq@usa.gov,12/5/1964,563
856,Ellerey Essex,Male,573-475-2762,eessexnr@deviantart.com,12/8/2000,395
857,Alisa Virgo,Female,522-823-0427,avirgons@typepad.com,8/18/1962,545
858,Yehudit Dowtry,Male,101-562-7209,ydowtrynt@prnewswire.com,11/1/1967,258
859,Janella Kluger,Female,748-777-9199,jklugernu@cnbc.com,2/5/1950,21
860,Lothario Lafoy,Male,923-796-2615,llafoynv@elpais.com,12/7/1992,934
861,Trstram Penhallurick,Male,452-728-5459,tpenhalluricknw@yolasite.com,4/7/1958,950
862,Lane Reary,Male,715-533-5043,lrearynx@wunderground.com,6/23/1966,736
863,Alain Shenton,Male,305-832-5764,ashentonny@engadget.com,12/8/1989,606
864,Malinda Crawford,Female,520-994-2915,mcrawfordnz@cnet.com,5/9/1959,66
865,Dierdre Dodshon,Female,279-646-7283,ddodshono0@cafepress.com,4/10/1990,811
866,Rockie Rickson,Male,466-126-6800,rricksono1@youtube.com,6/11/1962,925
867,Noah Wilacot,Male,808-679-1853,nwilacoto2@slate.com,6/8/1960,502
868,Brocky Baynes,Male,442-160-0213,bbayneso3@aol.com,2/16/1971,444
869,Ado Sinton,Male,910-582-7839,asintono4@indiegogo.com,4/29/1950,960
870,Amby Marns,Male,345-800-7081,amarnso5@seesaa.net,3/13/1977,99
871,Giustino O'Gavin,Male,146-270-2780,gogavino6@google.ru,2/3/1961,771
872,Katie Hargerie,Female,625-527-5882,khargerieo7@tumblr.com,12/25/1978,348
873,Ab Moultrie,Male,910-837-6040,amoultrieo8@nature.com,2/1/1982,484
874,Mar Follos,Male,554-596-2792,mfolloso9@globo.com,8/21/1967,256
875,Verine Ratter,Female,773-972-2572,vratteroa@bloglovin.com,8/26/1957,715
876,Collete Curphey,Female,861-623-5030,ccurpheyob@free.fr,8/24/1981,49
877,Lacy Rapley,Female,167-152-1670,lrapleyoc@twitter.com,10/28/1950,488
878,Bernardo Flannigan,Male,796-163-3984,bflanniganod@cnbc.com,3/6/1999,782
879,Bay Allgood,Male,433-977-1615,ballgoodoe@berkeley.edu,6/21/1972,758
880,Dolli Strelitzer,,979-255-3287,dstrelitzerof@instagram.com,1/19/1992,118
881,Alard Cayford,Male,897-941-3274,acayfordog@webnode.com,12/24/1992,709
882,Moise Deshon,Male,405-781-6011,mdeshonoh@simplemachines.org,12/19/1971,566
883,Maxi Scampion,Female,822-145-9370,mscampionoi@topsy.com,7/9/1952,296
884,Hobey Golding,Male,788-838-6907,hgoldingoj@xrea.com,8/28/1997,163
885,Lura Gallifont,Female,330-358-1100,lgallifontok@i2i.jp,6/13/1951,586
886,Demeter Idell,Female,101-354-1949,didellol@upenn.edu,5/15/1964,313
887,Laurette Sedger,Female,876-474-8391,lsedgerom@issuu.com,6/23/1997,948
888,Paulie Raisbeck,Female,992-305-1973,praisbeckon@narod.ru,7/23/1991,387
889,Husain Manuel,Male,135-999-3901,hmanueloo@soup.io,3/18/1969,345
890,Bobbi Hurt,Female,562-859-9007,bhurtop@goo.ne.jp,7/10/1967,600
891,Alric Hurtic,Male,545-619-0046,ahurticoq@elegantthemes.com,9/29/1970,22
892,Carline Harriott,Female,402-321-4437,charriottor@yandex.ru,11/6/1959,182
893,Brittne Bowery,Female,721-834-3569,bboweryos@joomla.org,4/26/1989,697
894,Tamma Theobalds,Female,764-299-4426,ttheobaldsot@tuttocitta.it,5/20/1961,201
895,Kimball Goncaves,Male,135-637-5050,kgoncavesou@state.tx.us,9/25/1966,875
896,Josefa Gallihaulk,Female,538-471-4625,jgallihaulkov@stumbleupon.com,10/31/1995,833
897,Tobye Borrel,Female,142-868-5431,tborrelow@networksolutions.com,3/16/1953,774
898,Yoshiko Crook,Female,725-825-0495,ycrookox@cbc.ca,6/28/1957,692
899,Analiese Mole,Female,408-837-8526,amoleoy@apple.com,6/4/1997,415
900,Karla Egell,Female,879-801-5137,kegelloz@nytimes.com,9/9/1980,449
901,Wald Polleye,Male,870-966-2659,wpolleyep0@netscape.com,10/22/1963,167
902,Orlando Harness,Male,111-397-7192,oharnessp1@wikispaces.com,1/27/1977,29
903,Zola de Keyser,Female,546-743-9247,zdep2@craigslist.org,10/30/1998,186
904,Lynne Batram,Female,327-991-1641,lbatramp3@nydailynews.com,6/28/1962,297
905,Gorden Tighe,Male,828-960-3812,gtighep4@salon.com,1/21/1972,530
906,Kata Smedmoor,Female,601-942-4496,ksmedmoorp5@noaa.gov,12/30/1985,516
907,Fawnia Feldharker,Female,790-114-6114,ffeldharkerp6@topsy.com,2/11/1978,494
908,Aylmar Haworth,Male,924-950-4730,ahaworthp7@harvard.edu,5/15/1955,820
909,Parker Scruton,Male,793-847-5701,pscrutonp8@constantcontact.com,2/13/1967,160
910,Tades Kleiner,Male,698-596-6799,tkleinerp9@nyu.edu,5/19/1969,877
911,Shani Rylance,Female,260-187-2232,srylancepa@washingtonpost.com,3/4/1952,734
912,Pier Piell,Female,675-990-0069,ppiellpb@sourceforge.net,10/23/1994,91
913,Othelia Chaney,Female,345-295-5567,ochaneypc@wikispaces.com,9/8/1966,197
914,Stanislaus Haverty,Male,804-348-5882,shavertypd@businessweek.com,11/20/1974,101
915,Amandi McCaughen,Female,698-459-9982,amccaughenpe@bloglovin.com,8/10/1985,812
916,Maiga Dorracott,Female,352-249-3649,mdorracottpf@wix.com,9/24/1951,834
917,Sholom Algeo,Male,402-939-6432,salgeopg@printfriendly.com,4/17/1950,996
918,Alexander Lesper,Male,755-434-5404,alesperph@princeton.edu,7/28/1974,987
919,Tera Wanderschek,Female,163-123-2713,twanderschekpi@answers.com,4/24/1973,255
920,Hermie Pursey,Male,616-115-7980,hpurseypj@slashdot.org,9/19/1997,487
921,Thorpe Whatman,Male,424-522-1738,twhatmanpk@freewebs.com,11/21/1992,385
922,Pincus Phelipeaux,Male,693-349-1922,pphelipeauxpl@netvibes.com,8/21/2000,336
923,Rurik Mainds,,556-608-8546,rmaindspm@fc2.com,7/20/1999,631
924,Kimmi Dreier,Female,610-236-3023,kdreierpn@springer.com,6/13/1970,831
925,Cara Bough,Female,267-560-0257,cboughpo@yolasite.com,11/8/1984,192
926,Lauraine Murray,Female,568-437-0223,lmurraypp@cbsnews.com,12/10/1998,724
927,Tracy D'Aguanno,Female,163-728-5639,tdaguannopq@theguardian.com,10/3/1957,193
928,Gavra Vane,Female,347-890-6426,gvanepr@flavors.me,10/15/1961,380
929,Thoma Spight,Male,618-262-2061,tspightps@themeforest.net,10/28/2000,529
930,Claire Whatford,Male,793-968-9538,cwhatfordpt@qq.com,11/3/1996,574
931,Chariot O'Hallihane,Male,935-476-2671,cohallihanepu@nsw.gov.au,1/18/1954,319
932,Junina Brizell,Female,532-161-7510,jbrizellpv@unicef.org,11/9/1965,253
933,Holmes Paulus,Male,265-492-6192,hpauluspw@dion.ne.jp,7/23/1986,51
934,Jewel Roser,Female,653-298-8188,jroserpx@examiner.com,2/8/1985,470
935,Justina McAlister,Female,548-625-2645,jmcalisterpy@seattletimes.com,11/12/1983,590
936,Gearalt Nitto,Male,645-667-4506,gnittopz@phoca.cz,5/6/1970,918
937,Ethan Flori,Male,608-315-8235,efloriq0@elegantthemes.com,3/19/1965,567
938,Essa Wallicker,,306-865-0315,ewallickerq1@intel.com,3/1/1961,949
939,Aksel Mougenel,Male,830-933-8517,amougenelq2@hao123.com,10/10/1952,304
940,Tiffanie Taw,Female,920-757-9418,ttawq3@spiegel.de,5/21/1962,619
941,Ruthi Yellowlees,Female,912-735-6751,ryellowleesq4@linkedin.com,11/11/1979,653
942,Ruprecht Bullcock,Male,189-596-3233,rbullcockq5@squidoo.com,3/18/1975,406
943,Mannie Taill,Male,980-419-7057,mtaillq6@yahoo.co.jp,10/14/1984,122
944,Keri Cosser,Female,866-882-9458,kcosserq7@auda.org.au,4/19/1989,568
945,Milka Steffan,Female,210-973-6122,msteffanq8@dailymotion.com,11/10/1978,486
946,Isabel McIlvaney,Female,802-351-3223,imcilvaneyq9@skype.com,10/3/1978,233
947,Auroora Giacomoni,Female,315-494-6042,agiacomoniqa@biblegateway.com,9/2/1963,72
948,Shir Garroch,Female,218-848-8471,sgarrochqb@fema.gov,7/3/1981,783
949,Tova Gleader,Female,631-507-1260,tgleaderqc@ning.com,8/29/1963,583
950,Kally Alsobrook,Female,690-796-1085,kalsobrookqd@technorati.com,10/9/1976,483
951,Hurlee Wassung,Male,809-437-7407,hwassungqe@alibaba.com,9/29/1989,315
952,Duky Berr,Male,528-625-3450,dberrqf@theglobeandmail.com,2/19/1997,914
953,Bridget Gooda,Female,579-534-2670,bgoodaqg@artisteer.com,12/13/1990,283
954,Raeann Biggerdike,Female,444-588-5150,rbiggerdikeqh@google.com.hk,8/2/1966,808
955,Gray Boule,Female,937-385-5260,gbouleqi@theglobeandmail.com,7/26/1979,673
956,Faythe Coda,Female,130-482-6968,fcodaqj@statcounter.com,4/18/1978,41
957,Merna Coslitt,Female,769-604-5538,mcoslittqk@mit.edu,11/12/1974,992
958,Lydia Cartwright,Female,802-591-3277,lcartwrightql@ameblo.jp,2/23/1986,994
959,Walker Penzer,Male,215-766-2375,wpenzerqm@webeden.co.uk,12/11/1997,218
960,Donovan Seakes,Male,722-728-9728,dseakesqn@infoseek.co.jp,3/3/1979,365
961,Viviyan Ferenc,Female,321-989-0961,vferencqo@hao123.com,1/26/1961,684
962,Cortie Grut,Male,845-855-2025,cgrutqp@vistaprint.com,5/2/1963,469
963,Jonie Lapthorn,Female,912-795-6672,jlapthornqq@dropbox.com,6/10/1998,841
964,Kin Navarre,Male,790-694-2698,knavarreqr@alibaba.com,3/9/1989,620
965,Gilburt Soro,Male,293-850-9251,gsoroqs@about.com,7/12/1978,463
966,Nelle Dict,Female,282-632-1290,ndictqt@gizmodo.com,11/21/1960,209
967,Normie Lomasny,Male,500-335-6738,nlomasnyqu@fda.gov,5/10/1965,364
968,Rosaleen Coatts,Female,988-471-1402,rcoattsqv@merriam-webster.com,10/4/1972,890
969,Gunar MacGuigan,Male,322-662-7425,gmacguiganqw@ycombinator.com,6/24/1995,576
970,Panchito Hembry,Male,348-946-7415,phembryqx@dailymail.co.uk,1/14/1978,862
971,Kat McCoughan,Female,952-263-2560,kmccoughanqy@narod.ru,8/30/1988,887
972,Conny Pheby,Female,762-571-2812,cphebyqz@mozilla.com,1/6/1974,676
973,Natal Sorrel,Male,204-999-0260,nsorrelr0@unesco.org,1/7/1992,798
974,Theda Restall,Female,335-101-0539,trestallr1@ted.com,6/1/1970,298
975,Ludovico Nellen,Male,625-111-4941,lnellenr2@intel.com,7/11/1953,88
976,Ferne Brammer,Female,192-759-8391,fbrammerr3@booking.com,11/25/1969,503
977,Kenton Doorey,Male,601-519-5213,kdooreyr4@amazon.co.jp,2/2/1973,107
978,Aleece Pigrome,Female,963-301-6112,apigromer5@google.com,12/23/1989,932
979,Maurene Reside,Female,109-185-1054,mresider6@wp.com,11/2/1973,738
980,Kelila Thams,Female,624-756-5108,kthamsr7@microsoft.com,11/8/1951,227
981,Tiphani Bullocke,Female,326-485-1495,tbullocker8@friendfeed.com,7/12/1979,130
982,Alisander Curd,Male,907-554-5802,acurdr9@bizjournals.com,1/7/1956,226
983,Vince Maren,Male,445-186-2438,vmarenra@ow.ly,4/25/1976,597
984,Ashlen Bossel,Female,626-993-3978,abosselrb@purevolume.com,8/12/1969,397
985,Say Thorp,Male,431-177-1620,sthorprc@engadget.com,12/30/1992,588
986,Terrijo Pagel,Female,393-887-0513,tpagelrd@angelfire.com,11/7/1966,679
987,Brennen Barnish,Male,777-839-8579,bbarnishre@baidu.com,9/17/1953,47
988,Hazel Spinke,Female,168-955-3606,hspinkerf@epa.gov,5/15/1960,392
989,Elle Gonnard,Female,800-635-6236,egonnardrg@odnoklassniki.ru,10/5/1956,499
990,Isaac Scoble,Male,249-368-5521,iscoblerh@so-net.ne.jp,5/29/1975,819
991,Caddric Wrought,Male,381-150-5737,cwroughtri@joomla.org,8/7/1963,510
992,Sherlocke Gummie,Male,981-953-0007,sgummierj@uol.com.br,12/9/1987,456
993,Bambie Godfery,Female,667-197-8190,bgodferyrk@sourceforge.net,10/24/1957,847
994,Aluino Braddock,Male,322-687-3470,abraddockrl@ask.com,1/18/1985,869
995,Enrique Ackenhead,Male,227-787-4147,eackenheadrm@businessweek.com,10/26/1950,374
996,Jacquetta Martellini,Female,359-700-3387,jmartellinirn@123-reg.co.uk,11/5/1984,408
997,Zuzana Waterhouse,Female,417-705-6448,zwaterhousero@scribd.com,12/28/1972,827
998,Willie Paliser,Male,392-475-0671,wpaliserrp@oaic.gov.au,9/6/1991,648
999,Roxanne Olivari,Female,851-904-3299,rolivarirq@prweb.com,3/19/1965,570
1000,Royal Pierrepoint,Male,114-477-7679,rpierrepointrr@mozilla.org,1/25/1959,191
1001,Lusa Legier,Female,146-962-4730,llegier0@wix.com,10/30/1976,1199
1002,Jolynn Mattheis,Female,633-804-8794,jmattheis1@timesonline.co.uk,3/17/1985,1034
1003,Pavel Atkin,Male,109-454-9308,patkin2@clickbank.net,1/4/1976,1198
1004,Joe Toping,,614-320-2184,jtoping3@latimes.com,8/3/1978,1153
1005,Ugo Turn,Male,954-277-0097,uturn4@sun.com,3/30/1950,1024
1006,Homere Need,Male,330-393-4918,hneed5@jigsy.com,6/8/1953,1135
1007,Leanna Keatch,Female,784-113-2616,lkeatch6@miibeian.gov.cn,6/28/1977,1175
1008,Graehme Godsmark,Male,352-809-5743,ggodsmark7@vimeo.com,6/27/1950,1183
1009,Lexy Elwel,Female,735-973-0358,lelwel8@sbwire.com,1/31/1992,1104
1010,Marietta Ingham,Female,143-198-8218,mingham9@fda.gov,7/8/1993,1071
1011,Augustus Willmont,Male,170-539-8515,awillmonta@sphinn.com,4/28/1962,1007
1012,Paulo McGlue,Male,219-848-5139,pmcglueb@phpbb.com,1/13/1966,1137
1013,Yetty Yushkin,Female,302-686-2511,yyushkinc@aboutads.info,6/28/1957,1094
1014,Stefano Burnsall,Male,891-781-8079,sburnsalld@fda.gov,12/8/1976,1131
1015,Adham Shakesby,Male,276-880-8012,ashakesbye@over-blog.com,9/9/1981,1014
1016,Rosalia Arbuckel,Female,739-562-3025,rarbuckelf@github.io,11/12/1991,1016
1017,Crosby Pallant,Male,538-590-9207,cpallantg@geocities.com,7/2/1951,1070
1018,Whitaker Jardein,Male,176-318-2689,wjardeinh@woothemes.com,1/26/1965,1108
1019,Lanita Ahmad,Female,320-719-1461,lahmadi@facebook.com,8/6/1986,1002
1020,Yank Hirjak,Male,743-321-4815,yhirjakj@google.it,6/13/1985,1019
1021,Bibbie MacNalley,Female,992-851-9194,bmacnalleyk@engadget.com,6/4/1972,1042
1022,Catina Cumpsty,Female,135-364-6990,ccumpstyl@umn.edu,5/2/1989,1111
1023,Augustin Seale,Male,772-402-5701,asealem@newyorker.com,8/17/1959,1080
1024,Deina Dealy,Female,163-906-1234,ddealyn@geocities.jp,12/1/1993,1039
1025,Leigh McHarry,Male,418-574-1276,lmcharryo@java.com,8/17/1965,1109
1026,Whitby Bissiker,Male,913-753-9567,wbissikerp@naver.com,7/30/1999,1008
1027,Ursala Gammade,Female,780-938-5425,ugammadeq@fastcompany.com,9/22/1982,1061
1028,Hubert Terran,Male,214-434-2226,hterranr@samsung.com,12/22/2000,1143
1029,Tiffany Desmond,Female,947-432-0266,tdesmonds@hhs.gov,3/25/1959,1098
1030,Ted Dugald,Male,505-502-8022,tdugaldt@woothemes.com,1/5/1970,1114
1031,Stefanie Mapstone,Female,349-701-3315,smapstoneu@bloglovin.com,3/19/1991,1134
1032,Ernesto De Ruel,Male,741-901-7745,edev@google.com.br,5/29/1980,1136
1033,Terri-jo Deboy,Female,718-105-1547,tdeboyw@about.me,4/14/1968,1086
1034,Carlene Brawson,Female,976-194-1089,cbrawsonx@disqus.com,7/18/1997,1047
1035,Eveline Ahrend,Female,163-693-7679,eahrendy@fotki.com,10/30/1978,1026
1036,Courtney Kaygill,Male,535-471-2276,ckaygillz@bigcartel.com,1/1/1956,1197
1037,Marta Millership,Female,601-640-9569,mmillership10@github.com,5/24/1965,1139
1038,Fifi Arangy,Female,740-683-9764,farangy11@jalbum.net,3/3/1999,1162
1039,Currey Raynham,Male,764-412-0131,craynham12@ovh.net,8/5/1984,1168
1040,Malcolm Roderigo,Male,191-571-7424,mroderigo13@lulu.com,8/14/1987,1188
1041,Aubert Rosa,Male,116-496-1885,arosa14@gmpg.org,2/6/1983,1187
1042,Tarah Wiszniewski,Female,861-282-2763,twiszniewski15@shutterfly.com,4/11/1997,1124
1043,Mildrid Di Meo,Female,523-264-6622,mdi16@bloglovin.com,12/20/1971,1065
1044,Ryun Fevers,Male,410-179-7752,rfevers17@stanford.edu,4/13/1997,1058
1045,Luke Lodden,Male,344-922-8052,llodden18@webs.com,7/7/2000,1119
1046,Harriot Burlingame,Female,178-320-2431,hburlingame19@printfriendly.com,12/24/1988,1121
1047,Saul Marquiss,Male,714-155-4650,smarquiss1a@instagram.com,6/8/1992,1169
1048,Betsy Rangle,Female,388-280-4803,brangle1b@prlog.org,11/18/1962,1157
1049,Car Dominick,Male,827-169-6761,cdominick1c@walmart.com,3/11/1986,1156
1050,Inessa Surman-Wells,Female,553-557-9437,isurmanwells1d@answers.com,2/26/1993,1079
1051,Roseline Ockenden,Female,535-323-6555,rockenden1e@facebook.com,9/20/1959,1097
1052,Juliann Seabrocke,,642-363-9030,jseabrocke1f@tripod.com,3/12/1986,1091
1053,Gilbert Peaden,Male,664-582-0149,gpeaden1g@naver.com,5/15/1999,1200
1054,Lorne Grigore,Female,823-389-5419,lgrigore1h@kickstarter.com,11/25/1957,1147
1055,Armstrong Kobpac,Male,357-768-6293,akobpac1i@goo.gl,5/13/1973,1001
1056,Bail O'Toole,Male,519-517-4045,botoole1j@yahoo.co.jp,10/26/2000,1021
1057,Florette Howford,Female,901-638-0387,fhowford1k@digg.com,7/23/1977,1107
1058,Farly Gillibrand,Male,390-168-1914,fgillibrand1l@t.co,9/11/1991,1122
1059,Benjamen Molian,Male,504-195-5891,bmolian1m@1und1.de,3/22/1994,1194
1060,Hope Leyman,Female,920-804-7670,hleyman1n@pinterest.com,7/12/1979,1154
1061,Desmund Cabedo,Male,603-183-0730,dcabedo1o@redcross.org,7/22/1958,1088
1062,Misti Keech,Female,340-719-1462,mkeech1p@deviantart.com,8/31/1950,1173
1063,Rubina Mitchiner,Female,101-541-2668,rmitchiner1q@accuweather.com,1/25/1952,1130
1064,Karrie Molyneaux,Female,230-924-2928,kmolyneaux1r@microsoft.com,8/19/1950,1066
1065,Ferdinanda Clemmitt,Female,665-852-5104,fclemmitt1s@hp.com,3/26/2000,1176
1066,Nerty Stoneley,Female,554-975-7015,nstoneley1t@webmd.com,5/4/1997,1151
1067,Jillie Maraga,Female,114-516-3033,jmaraga1u@mail.ru,7/16/1970,1144
1068,Bernard Spray,Male,530-666-8020,bspray1v@exblog.jp,4/20/1977,1033
1069,Sonja Trower,Female,884-182-9827,strower1w@twitter.com,9/3/1996,1181
1070,Cicily Paish,Female,835-270-3381,cpaish1x@unicef.org,3/2/1994,1140
1071,Deb Spaunton,Female,610-237-3230,dspaunton1y@stumbleupon.com,11/7/1950,1006
1072,Dall Coopman,Male,372-214-4439,dcoopman1z@chicagotribune.com,12/19/1974,1010
1073,Ravi Wombwell,Male,309-382-2917,rwombwell20@stanford.edu,12/17/1981,1195
1074,Kele Pfeffer,Male,193-252-6253,kpfeffer21@reddit.com,4/23/1972,1192
1075,Thomas Bank,Male,925-465-7099,tbank22@hibu.com,5/3/1979,1184
1076,Sean Sheere,Male,270-777-3842,ssheere23@businessweek.com,5/21/1968,1164
1077,Ronnie Lighterness,Female,679-832-9602,rlighterness24@usda.gov,2/2/1997,1048
1078,Hank Lilleman,Male,362-788-9524,hlilleman25@mozilla.org,8/7/1977,1082
1079,Codie Lansdale,Female,379-824-7614,clansdale26@cmu.edu,3/14/1965,1037
1080,Verge Anscott,Male,162-114-1967,vanscott27@gmpg.org,3/7/1952,1027
1081,Minna Fake,Female,171-508-2140,mfake28@hexun.com,6/12/1992,1073
1082,Saul Bartolomeazzi,Male,203-501-5720,sbartolomeazzi29@youtube.com,6/3/1976,1059
1083,Giacobo Nunson,Male,372-871-4879,gnunson2a@artisteer.com,3/9/1957,1146
1084,Samaria Dowdney,Female,963-591-7642,sdowdney2b@de.vu,2/25/1994,1196
1085,Derward Adamthwaite,Male,623-814-8532,dadamthwaite2c@t-online.de,9/20/1989,1110
1086,Mickie Gouch,Male,317-783-5055,mgouch2d@macromedia.com,2/7/1996,1074
1087,Bathsheba Levesque,Female,273-247-3427,blevesque2e@google.co.jp,10/20/1960,1123
1088,Hasheem Cleife,Male,516-682-8841,hcleife2f@dion.ne.jp,9/20/1953,1191
1089,Elaina McCaskell,Female,596-306-1953,emccaskell2g@simplemachines.org,10/30/1972,1179
1090,Marlon Jerzak,Male,685-758-1190,mjerzak2h@reddit.com,2/12/1958,1072
1091,Vaughan Aylwin,Male,759-341-5211,vaylwin2i@seesaa.net,9/2/1968,1138
1092,Glynn Selby,Male,571-650-5778,gselby2j@bandcamp.com,12/1/1962,1190
1093,Obed Youngman,Male,303-140-6777,oyoungman2k@omniture.com,2/9/1993,1022
1094,Ami De Lasci,Female,216-130-7968,ade2l@ebay.co.uk,9/24/1989,1127
1095,Rory Coopey,Male,215-206-7487,rcoopey2m@51.la,11/9/1965,1043
1096,Gram Wager,Male,813-602-2170,gwager2n@smugmug.com,5/24/1958,1049
1097,Dorian Harrowsmith,Male,718-701-6028,dharrowsmith2o@amazon.co.uk,9/3/1986,1025
1098,Nanette Gasperi,Female,843-516-8319,ngasperi2p@symantec.com,8/6/1995,1125
1099,Petey Menghi,Male,952-295-4706,pmenghi2q@princeton.edu,1/16/1959,1092
1100,Dolph Kenewel,Male,191-207-1872,dkenewel2r@senate.gov,6/4/1998,1128
1101,Ceil Dallin,Female,390-174-3599,cdallin2s@purevolume.com,3/19/1976,1020
1102,Lianna Younge,Female,293-690-2206,lyounge2t@over-blog.com,4/1/1962,1167
1103,Lynda Hanburry,Female,722-597-7459,lhanburry2u@lycos.com,11/22/1992,1009
1104,Albertine Brugden,Female,498-912-2240,abrugden2v@zimbio.com,12/25/1956,1077
1105,Ardelle Korpolak,Female,146-749-0769,akorpolak2w@wired.com,5/30/1995,1069
1106,Kipp De L'Isle,Female,781-199-3339,kde2x@sourceforge.net,5/16/1980,1067
1107,Oralee Shadfourth,Female,832-330-0915,oshadfourth2y@furl.net,4/25/1992,1084
1108,Shermie Petrovsky,Male,634-569-9490,spetrovsky2z@geocities.jp,6/23/1988,1036
1109,Natalya Youngman,Female,153-186-7764,nyoungman30@arstechnica.com,3/20/1967,1141
1110,Nata Pack,Female,895-835-8470,npack31@baidu.com,12/2/1953,1003
1111,Claudell Zima,Male,126-703-8198,czima32@sina.com.cn,8/31/1996,1174
1112,Hasty Gomar,Male,963-878-5037,hgomar33@sakura.ne.jp,3/29/1992,1045
1113,Hilly Dagnan,Male,592-866-8746,hdagnan34@addtoany.com,2/10/1963,1129
1114,Mattheus Pactat,Male,608-186-0069,mpactat35@freewebs.com,7/19/1972,1112
1115,Benjie Lauchlan,Male,539-247-8681,blauchlan36@ted.com,7/9/1959,1029
1116,Andee Anyene,Female,513-386-1413,aanyene37@sciencedaily.com,2/27/1984,1063
1117,Elset Schachter,Female,850-931-2951,eschachter38@moonfruit.com,12/10/1987,1078
1118,Claudine Manon,Female,467-419-8115,cmanon39@washingtonpost.com,9/22/1979,1053
1119,Ardath Kovacs,Female,343-749-1825,akovacs3a@amazon.com,9/7/1968,1158
1120,Angelle Scarlin,Female,953-403-5504,ascarlin3b@ameblo.jp,7/5/1997,1044
1121,Tome Josling,Male,801-410-1204,tjosling3c@icio.us,4/19/1977,1035
1122,Tadio Dooler,Male,519-631-3807,tdooler3d@boston.com,9/26/1986,1152
1123,Judah Thames,Male,601-992-5173,jthames3e@cdbaby.com,8/31/1953,1015
1124,Wat Lukacs,Male,371-513-9178,wlukacs3f@bing.com,4/25/1959,1081
1125,Wit Maltster,Male,883-130-6937,wmaltster3g@europa.eu,9/1/1962,1166
1126,Waneta Farfoot,Female,891-420-9398,wfarfoot3h@miibeian.gov.cn,3/13/1961,1023
1127,Elmore Soden,Male,767-669-2353,esoden3i@psu.edu,10/31/2000,1113
1128,Virgina Gannicott,Female,381-593-6082,vgannicott3j@hugedomains.com,8/16/1985,1017
1129,Guillaume Garrit,Male,339-179-0590,ggarrit3k@purevolume.com,3/7/1967,1076
1130,Corina Simeoli,Female,326-427-4685,csimeoli3l@live.com,11/21/1980,1051
1131,Alexa Puddephatt,Female,767-747-2980,apuddephatt3m@google.nl,2/22/1981,1189
1132,Giraldo Betancourt,Male,764-814-3216,gbetancourt3n@cdbaby.com,4/12/1975,1096
1133,Heriberto Ruler,Male,402-369-3543,hruler3o@qq.com,9/29/1963,1133
1134,Kelley Cromblehome,,320-963-0830,kcromblehome3p@amazonaws.com,3/20/1983,1165
1135,Archambault Phillippo,Male,228-708-9706,aphillippo3q@skype.com,3/15/1981,1095
1136,Marv Terrett,Male,761-787-4005,mterrett3r@miitbeian.gov.cn,11/23/1993,1155
1137,Janine Eustis,Female,696-781-4442,jeustis3s@merriam-webster.com,12/6/1970,1083
1138,Patricia Lakeland,Female,371-414-7205,plakeland3t@indiegogo.com,5/1/1967,1046
1139,Filip Isaksen,Male,720-934-1152,fisaksen3u@ehow.com,4/14/1950,1087
1140,Verena Seemmonds,,959-773-7543,vseemmonds3v@unesco.org,6/11/1989,1172
1141,Charmain Spoor,Female,814-111-6959,cspoor3w@woothemes.com,3/9/1973,1101
1142,Shelli Linfoot,Female,449-678-5651,slinfoot3x@fema.gov,8/22/1988,1115
1143,Aaren Izachik,Female,336-212-9847,aizachik3y@chron.com,11/19/1977,1012
1144,Gene Wilsee,Male,403-505-6809,gwilsee3z@baidu.com,3/12/1994,1150
1145,Audie Janic,Female,658-334-6280,ajanic40@tiny.cc,4/16/1956,1102
1146,Sterling Sone,Male,998-778-5644,ssone41@ezinearticles.com,8/13/1963,1161
1147,Red Dods,Male,598-389-0401,rdods42@nationalgeographic.com,8/10/1964,1075
1148,Turner Ferrieri,Male,477-649-5692,tferrieri43@telegraph.co.uk,7/7/1974,1041
1149,Othella Costigan,Female,331-457-4510,ocostigan44@nba.com,2/3/1962,1038
1150,Keriann Dodgshun,Female,760-700-3902,kdodgshun45@google.com,9/13/1959,1117
1151,Winston McElrea,Male,368-970-2542,wmcelrea46@so-net.ne.jp,2/3/1971,1149
1152,Jelene Pohl,Female,555-388-0352,jpohl47@bluehost.com,1/1/1995,1105
1153,Lorene Pentercost,Female,961-224-1028,lpentercost48@opera.com,4/5/1990,1085
1154,Morton Leward,Male,582-295-0589,mleward49@eventbrite.com,12/5/1968,1177
1155,Zachary Jacson,Male,330-936-9466,zjacson4a@bbc.co.uk,7/9/1971,1178
1156,Rosette Zarfat,Female,336-228-8135,rzarfat4b@tuttocitta.it,12/18/1988,1103
1157,Galen Guillford,Male,286-329-7616,gguillford4c@chronoengine.com,8/21/1957,1060
1158,Dosi Zecchi,Female,997-624-0114,dzecchi4d@go.com,4/30/1958,1056
1159,Emlen Klainer,Male,513-903-0930,eklainer4e@smugmug.com,3/26/1963,1185
1160,Zahara Ringe,Female,917-709-2415,zringe4f@geocities.com,11/19/1960,1100
1161,Boony Tuckett,Male,323-443-6361,btuckett4g@istockphoto.com,9/3/1955,1142
1162,Alexandro Bland,Male,228-893-3818,abland4h@gov.uk,7/6/1962,1182
1163,Rica Kattenhorn,Female,833-621-5513,rkattenhorn4i@t-online.de,11/14/1950,1099
1164,Ripley Petras,Male,875-305-4913,rpetras4j@oracle.com,9/18/1991,1159
1165,Dick Biaggioli,Male,544-450-2669,dbiaggioli4k@bloglines.com,2/21/1952,1170
1166,Cele Fullstone,Female,825-374-4620,cfullstone4l@china.com.cn,3/8/1961,1040
1167,Trenna Orrocks,Female,485-163-4702,torrocks4m@linkedin.com,1/25/1977,1011
1168,Hurlee Carty,Male,870-371-4044,hcarty4n@ca.gov,7/5/1982,1171
1169,Anselm Wrout,Male,529-918-7823,awrout4o@ucsd.edu,2/18/1963,1062
1170,Millie Zuan,Female,614-447-0520,mzuan4p@symantec.com,5/26/1996,1004
1171,Rufus Henzley,Male,597-867-3770,rhenzley4q@smugmug.com,8/22/1961,1028
1172,Esther Fidoe,Female,734-501-8766,efidoe4r@tmall.com,11/22/1965,1160
1173,Johannes Merrydew,Male,510-239-3347,jmerrydew4s@zdnet.com,5/18/1968,1120
1174,Eda Mattiessen,Female,862-713-6849,emattiessen4t@cnet.com,1/8/1956,1057
1175,Laurianne Sayburn,Female,832-239-8109,lsayburn4u@weebly.com,10/20/1982,1054
1176,Moe Lowrance,Male,735-603-1201,mlowrance4v@studiopress.com,6/22/1958,1018
1177,Burr Simister,Male,406-103-6397,bsimister4w@engadget.com,10/12/1963,1193
1178,Toby Bancroft,Female,335-840-6595,tbancroft4x@cnet.com,4/17/1990,1118
1179,Maxi Burhill,Female,377-293-6805,mburhill4y@hugedomains.com,7/22/1999,1090
1180,Port Bowdrey,Male,281-536-2902,pbowdrey4z@columbia.edu,4/24/1959,1148
1181,Berne Maylott,Male,490-793-9874,bmaylott50@mysql.com,11/19/1999,1186
1182,Sophey Vedyashkin,Female,110-667-4934,svedyashkin51@typepad.com,7/10/1981,1064
1183,Andromache Drew-Clifton,Female,981-655-5893,adrewclifton52@earthlink.net,11/7/1969,1013
1184,Brook Cambling,Male,821-208-2926,bcambling53@woothemes.com,12/3/1996,1163
1185,Alica Mazonowicz,Female,940-905-0942,amazonowicz54@google.ca,5/29/1950,1145
1186,Britta Papaminas,Female,973-865-7461,bpapaminas55@google.co.jp,4/6/1974,1183
1187,Alejoa Tierny,Male,839-495-5196,atierny56@123-reg.co.uk,1/5/1973,1104
1188,Arliene Keeves,Female,884-434-3387,akeeves57@vinaora.com,6/20/1982,1084
1189,Philis Padberry,Female,629-281-5125,ppadberry58@economist.com,4/7/1990,1046
1190,Franklyn Cisar,Male,520-160-4072,fcisar59@samsung.com,2/27/1967,1185
1191,Parnell Bilbee,Male,781-233-8964,pbilbee5a@ask.com,2/11/1951,1080
1192,Charlean Lyes,Female,722-520-0109,clyes5b@reddit.com,1/1/1951,1097
1193,Sky Hedgecock,Male,255-714-9946,shedgecock5c@google.es,3/30/1963,1138
1194,Gaylord Rouf,Male,214-375-4385,grouf5d@freewebs.com,7/13/1979,1056
1195,Lefty Scorrer,Male,576-220-2714,lscorrer5e@scientificamerican.com,6/11/1964,1187
1196,Hughie Sudy,Male,359-833-0111,hsudy5f@bloglovin.com,6/28/1959,1092
1197,Nettle Van der Kruijs,Female,311-584-7367,nvan5g@phoca.cz,9/13/1996,1179
1198,Cherey Castelli,Female,462-571-1715,ccastelli5h@phoca.cz,6/9/1964,1013
1199,Rosmunda Peare,Female,143-163-4260,rpeare5i@weebly.com,3/29/1984,1171
1200,Gisella Neles,Female,310-450-4281,gneles5j@sfgate.com,4/2/1953,1065
