owner_id,owner_name,owner_gender,owner_phone,owner_email,owner_dob,address_id
1,Katey Elington,Female,397-752-7859,kelington0@51.la,4/13/1999,243
2,Tabbie Duer,Male,128-652-0395,tduer1@a8.net,7/15/1973,215
3,Terrill Singleton,Male,510-793-7634,tsingleton2@ycombinator.com,6/30/1994,168
4,Donna Cadore,Female,296-368-4833,dcadore3@shutterfly.com,8/11/1971,778
5,Natassia De Filippo,Female,132-646-3617,nde4@springer.com,10/5/1961,969
6,Hamil Keegan,Male,817-437-4640,hkeegan5@vk.com,7/24/1974,346
7,Daphene Keeble,Female,425-333-2052,dkeeble6@huffingtonpost.com,1/3/1951,864
8,Cullie Cruden,Male,785-577-0764,ccruden7@google.cn,12/22/1992,631
9,Vern Dummett,Male,287-995-4917,vdummett8@prnewswire.com,11/2/1977,724
10,Kelsi Martensen,Female,144-143-6486,kmartensen9@fda.gov,3/15/1996,238
11,Clerissa Hancell,Female,977-345-1692,chancella@google.it,9/15/1979,359
12,Jacinda Besset,Female,279-817-2967,jbessetb@oracle.com,7/8/1992,36
13,Ivonne Dagon,Female,158-482-1445,idagonc@yelp.com,9/4/1995,531
14,Sarette Milham,Female,370-607-3179,smilhamd@fotki.com,5/19/1977,890
15,Hugo Hambatch,Male,142-773-7459,hhambatche@usa.gov,4/1/1992,848
16,Raynor Gammett,Male,121-305-2390,rgammettf@mapy.cz,3/17/1956,71
17,Jenni Paolino,Female,387-357-7684,jpaolinog@wikimedia.org,1/23/1992,275
18,Dehlia Grummitt,Female,706-895-3861,dgrummitth@i2i.jp,7/28/1956,124
19,Bennie Beaufoy,Female,800-473-5863,bbeaufoyi@addtoany.com,3/5/1995,985
20,Josefa Di Biasi,Female,557-563-8043,jdij@sbwire.com,2/5/1956,120
21,Wren Tythe,Female,369-734-0085,wtythek@plala.or.jp,7/31/1982,812
22,Beltran Booton,Male,887-842-5153,bbootonl@google.pl,4/23/1999,367
23,Guido Duesberry,Male,149-668-5371,gduesberrym@alibaba.com,11/7/1989,16
24,Emelita Burnard,Female,205-729-5459,eburnardn@wunderground.com,2/25/1985,979
25,Boyce Autrie,Male,158-346-6787,bautrieo@prweb.com,2/10/1958,918
26,Ashley Farrey,Male,436-640-3757,afarreyp@sina.com.cn,3/27/1996,909
27,Ansell Tollerton,Male,116-959-5823,atollertonq@quantcast.com,8/29/1997,737
28,Tudor Shadfourth,Male,246-947-3707,tshadfourthr@godaddy.com,4/30/1995,386
29,Quintilla Hogsden,Female,897-276-2280,qhogsdens@t-online.de,9/29/1997,87
30,Nicolais Ashfield,Male,402-477-7864,nashfieldt@shop-pro.jp,6/17/1952,629
31,Brod Iannetti,Male,656-180-9375,biannettiu@cmu.edu,6/22/1953,564
32,Alberto Klemenz,Male,115-531-7717,aklemenzv@berkeley.edu,10/12/1968,601
33,Rowen Scowcraft,Male,738-319-0977,rscowcraftw@nhs.uk,3/30/1955,88
34,Cosette Pannaman,Female,768-492-4822,cpannamanx@bloglines.com,2/6/2000,591
35,Ella Rowet,Female,813-819-4077,erowety@spotify.com,6/15/1997,344
36,Ransom Petticrew,Male,221-335-1591,rpetticrewz@histats.com,10/6/1970,719
37,Cass Brooker,Male,610-584-8123,cbrooker10@diigo.com,5/19/1999,884
38,Ludwig Keble,Male,712-470-9268,lkeble11@desdev.cn,6/11/1966,771
39,Stuart Vaughton,Male,599-236-7351,svaughton12@google.co.jp,11/14/1983,316
40,Felicia Kirk,Female,129-445-0922,fkirk13@independent.co.uk,8/4/1988,578
41,Berny Docker,Male,127-552-8243,bdocker14@edublogs.org,5/24/1962,700
42,Sergeant Mobius,Male,592-526-1548,smobius15@npr.org,7/14/1974,907
43,Dori Cockin,Female,246-826-4020,dcockin16@list-manage.com,3/8/1958,675
44,Henka Hamerton,Female,117-955-7419,hhamerton17@ucsd.edu,9/14/1985,720
45,Tabitha Haucke,Female,997-885-1248,thaucke18@mail.ru,1/1/1952,283
46,Layton Oldroyde,Male,641-776-7883,loldroyde19@feedburner.com,7/29/1951,311
47,Lin Soame,Female,726-568-9279,lsoame1a@unesco.org,2/28/1999,784
48,Justine Eadmeads,Female,607-248-5757,jeadmeads1b@dot.gov,10/26/1973,193
49,Suzann Bourthouloume,Female,577-241-3039,sbourthouloume1c@google.cn,5/19/1974,274
50,Wyatt Swanbourne,Male,500-677-0107,wswanbourne1d@tumblr.com,6/23/2000,478
51,Sloan Meekins,Male,148-871-9586,smeekins1e@a8.net,11/20/1984,109
52,Shayla Theodore,Female,260-888-4464,stheodore1f@princeton.edu,7/30/1987,10
53,Minna Owen,Female,282-557-0931,mowen1g@patch.com,5/11/1991,685
54,Orelee Iseton,Female,789-344-6826,oiseton1h@sun.com,5/27/1994,429
55,Vicky McMylor,Female,614-280-1689,vmcmylor1i@dagondesign.com,6/14/1974,223
56,Marja Agius,Female,879-413-9739,magius1j@nbcnews.com,8/13/1973,553
57,Virginie Blasoni,Female,639-357-5316,vblasoni1k@weather.com,6/4/1966,882
58,Benoit Holbury,Male,559-132-3626,bholbury1l@nature.com,6/18/1991,847
59,Andy Lyles,Female,909-357-2618,alyles1m@marriott.com,7/3/1952,18
60,Colas Fossick,Male,562-173-2563,cfossick1n@foxnews.com,10/26/1962,937
61,Alexander Rodenburgh,Male,677-819-6637,arodenburgh1o@springer.com,8/19/1954,605
62,Tremain Jessep,Male,656-578-0284,tjessep1p@harvard.edu,1/31/1995,766
63,Rochelle Gawkroge,Female,369-388-9158,rgawkroge1q@hhs.gov,11/18/1980,450
64,Dorisa Hambric,Female,519-868-2408,dhambric1r@toplist.cz,10/21/1983,127
65,Emmet Harriss,Male,151-640-6513,eharriss1s@usda.gov,9/26/1950,187
66,Shanta Mergue,Female,692-844-0435,smergue1t@typepad.com,10/16/1989,632
67,Killy Gatlin,Male,243-769-1519,kgatlin1u@telegraph.co.uk,11/16/1959,19
68,Mark Cherry,Male,608-502-2260,mcherry1v@odnoklassniki.ru,1/18/1963,951
69,Niccolo Klebes,Male,895-326-5750,nklebes1w@sourceforge.net,2/8/1966,905
70,Renata Petrashkov,Female,219-521-5985,rpetrashkov1x@nyu.edu,9/30/1964,865
71,Trudi Matthews,Female,136-128-1135,tmatthews1y@yellowpages.com,5/12/1963,184
72,Siffre Petworth,Male,194-973-9464,spetworth1z@meetup.com,8/9/1987,398
73,Edward Hubbis,Male,498-154-4903,ehubbis20@yolasite.com,2/11/1971,438
74,Alfons Humbie,Male,233-363-5018,ahumbie21@cdbaby.com,4/10/1960,932
75,Innis Cogswell,Male,424-162-1201,icogswell22@google.com.hk,8/5/1977,944
76,Charline Itschakov,Female,205-567-8158,citschakov23@amazon.co.uk,11/7/1952,546
77,Erika Sokill,Female,238-194-4670,esokill24@networksolutions.com,10/29/1968,787
78,Leon Mobley,Male,173-607-4568,lmobley25@tumblr.com,11/3/1988,468
79,Julissa Dawby,Female,975-343-6723,jdawby26@soundcloud.com,4/2/1962,83
80,Lainey Patterson,Female,450-489-6132,lpatterson27@vinaora.com,8/10/1989,287
81,Nichols Fattori,Male,671-301-4618,nfattori28@infoseek.co.jp,5/8/1982,333
82,Halsy Staziker,Male,957-718-8894,hstaziker29@de.vu,1/24/1977,987
83,Hubey Maxsted,Male,289-942-8833,hmaxsted2a@springer.com,1/18/1960,772
84,Reginauld Shirt,Male,261-225-0464,rshirt2b@sciencedirect.com,5/29/1980,752
85,Tobe Pirouet,Female,658-314-2593,tpirouet2c@unblog.fr,1/12/1965,94
86,Lyell Briscam,Male,456-572-9509,lbriscam2d@biblegateway.com,8/8/1950,832
87,Larisa Delong,Female,953-248-4199,ldelong2e@businesswire.com,10/14/1988,442
88,Karoline Samms,Female,269-658-8105,ksamms2f@4shared.com,3/8/1965,824
89,Traver Hanington,Male,838-751-9915,thanington2g@webnode.com,10/16/1986,552
90,Belicia Dat,Female,351-300-2731,bdat2h@usatoday.com,11/24/1961,798
91,Alick Vatini,Male,293-672-0936,avatini2i@spotify.com,9/30/1961,967
92,Frieda Ricciardi,Female,387-573-9690,fricciardi2j@prnewswire.com,10/17/1953,665
93,Dierdre Sutworth,Female,964-121-8953,dsutworth2k@seesaa.net,8/22/1974,422
94,Delphine Pallister,Female,502-628-5994,dpallister2l@creativecommons.org,6/16/1960,154
95,Rhona Muffen,Female,704-640-3364,rmuffen2m@newyorker.com,12/16/1964,901
96,Hayley Gristock,Female,790-927-6382,hgristock2n@posterous.com,8/10/1952,830
97,Kristofer Beyne,Male,135-804-7804,kbeyne2o@independent.co.uk,7/9/1975,536
98,Mikey Meininking,Male,471-949-9810,mmeininking2p@imageshack.us,11/18/1990,568
99,Mona Ruske,Female,280-245-3580,mruske2q@mozilla.com,5/22/1988,98
100,Barnett Bisson,Male,736-937-4041,bbisson2r@state.tx.us,5/12/1964,59
101,Carlyle Domenget,Male,471-629-2617,cdomenget2s@goodreads.com,5/21/1958,795
102,Kinsley Kibbel,Male,448-262-7430,kkibbel2t@cargocollective.com,4/20/1993,285
103,Benjamen Hanby,Male,840-367-1990,bhanby2u@ebay.com,1/3/1993,856
104,Shaylynn Giacomello,Female,945-511-6465,sgiacomello2v@theatlantic.com,3/2/1960,738
105,Rivy Stanlike,Female,224-649-1557,rstanlike2w@facebook.com,10/3/1950,479
106,Alasteir Abramski,Male,525-885-8292,aabramski2x@amazon.de,11/2/1982,457
107,Darsie Mochan,Female,439-495-6666,dmochan2y@pagesperso-orange.fr,6/9/2000,137
108,Kikelia Emmerson,Female,251-843-2974,kemmerson2z@ask.com,12/14/1950,512
109,Donn Jenno,Male,250-303-9540,djenno30@latimes.com,9/2/1978,395
110,Jennie Attlee,Female,844-252-0099,jattlee31@dyndns.org,4/20/1982,808
111,Tanhya Chamberlaine,Female,890-375-1097,tchamberlaine32@ask.com,7/19/1965,950
112,Fedora Arnaldo,Female,688-922-0760,farnaldo33@stumbleupon.com,1/27/1963,281
113,Gretchen Saville,Female,518-427-5745,gsaville34@skype.com,1/16/1984,519
114,Ashien Pennone,Female,626-611-0378,apennone35@yolasite.com,4/15/1975,480
115,Rhodia Hacking,Female,231-722-2456,rhacking36@cbsnews.com,2/15/1957,603
116,Manolo Delafont,Male,733-591-3627,mdelafont37@mashable.com,3/21/1982,554
117,Margalit Witt,Female,712-379-6994,mwitt38@is.gd,11/4/1952,590
118,Briano Swannick,Male,660-964-2293,bswannick39@usnews.com,10/10/1981,108
119,Tadio Jowling,Male,153-741-7378,tjowling3a@free.fr,10/15/1968,716
120,Nikolas Baswall,Male,831-924-0826,nbaswall3b@miitbeian.gov.cn,9/15/1956,639
121,Sander Cordova,Male,419-187-7389,scordova3c@mail.ru,8/14/1991,650
122,Calla Trousdale,Female,907-922-6266,ctrousdale3d@acquirethisname.com,12/16/1998,260
123,Charlie Bouller,Male,274-395-3802,cbouller3e@artisteer.com,1/14/1995,933
124,Willetta Veillard,Female,480-787-3640,wveillard3f@behance.net,11/2/1970,606
125,Pamella Alyonov,Female,862-599-3272,palyonov3g@ameblo.jp,8/1/1958,699
126,Cobbie Hyslop,Male,296-487-6968,chyslop3h@globo.com,2/13/2000,272
127,Roland Shropsheir,Male,723-408-6699,rshropsheir3i@theguardian.com,4/2/1970,51
128,Glyn Lafflina,Female,911-630-3576,glafflina3j@usgs.gov,1/18/1954,711
129,Chane Hammill,Male,663-387-1040,chammill3k@mac.com,10/29/1965,355
130,Nico Dalla,Male,866-799-6646,ndalla3l@youku.com,6/29/1973,915
131,Dulcy Ewen,Female,642-740-3344,dewen3m@tumblr.com,1/12/1958,136
132,Legra Monnoyer,Female,148-815-5353,lmonnoyer3n@examiner.com,1/7/1952,89
133,Morgen Waddington,Male,617-208-5077,mwaddington3o@livejournal.com,5/22/1972,736
134,Arie Turrill,Male,212-467-8918,aturrill3p@bizjournals.com,12/29/1952,793
135,Gelya Downing,Female,897-349-4754,gdowning3q@live.com,3/5/1957,176
136,Yankee Simla,Male,257-371-7770,ysimla3r@usatoday.com,11/27/1953,596
137,Everard Garret,Male,236-852-0402,egarret3s@boston.com,9/18/1960,686
138,Marillin Elsley,Female,155-287-9046,melsley3t@1688.com,7/6/1970,671
139,Had Burgoine,Male,635-632-8887,hburgoine3u@zdnet.com,8/6/1961,520
140,Dael Yard,Male,253-454-3627,dyard3v@deviantart.com,11/9/1975,551
141,Woodrow Treslove,Male,653-210-6308,wtreslove3w@ow.ly,3/22/1983,733
142,Karlee Paullin,Female,424-901-2075,kpaullin3x@sun.com,9/15/1983,172
143,Quint Hapgood,Male,394-592-8188,qhapgood3y@usda.gov,12/31/1998,504
144,Crosby Messiter,Male,375-759-0226,cmessiter3z@pbs.org,9/9/1992,753
145,Taryn Maccraw,Female,705-120-9580,tmaccraw40@shutterfly.com,4/6/1983,662
146,Barrett Dyer,Male,574-741-4092,bdyer41@cargocollective.com,2/16/1978,167
147,Rudie Cone,Male,444-621-5489,rcone42@jigsy.com,12/16/1971,318
148,Dody Welman,Female,157-560-7517,dwelman43@opera.com,6/14/1977,123
149,Leodora Statefield,Female,418-251-9360,lstatefield44@cnbc.com,11/27/2000,786
150,Carlee Codman,Female,672-876-5319,ccodman45@reverbnation.com,12/21/1954,251
151,Miles Byrd,Male,222-177-5254,mbyrd46@amazonaws.com,5/30/1971,814
152,Skippie McCome,Male,478-610-6749,smccome47@sphinn.com,2/1/1963,111
153,Giles Brahm,Male,446-355-0868,gbrahm48@reddit.com,7/8/1967,63
154,Gilbertina Nutley,Female,974-578-1712,gnutley49@myspace.com,7/14/1983,897
155,Madison Castaneda,Male,619-764-7759,mcastaneda4a@ucoz.com,3/21/1982,370
156,Clayson Kubis,Male,976-540-6004,ckubis4b@digg.com,9/4/1981,684
157,Berky Dark,Male,663-630-2309,bdark4c@hibu.com,7/7/1979,141
158,Miner Cattellion,Male,930-615-5861,mcattellion4d@mediafire.com,4/5/1965,9
159,Dalt Hattiff,Male,967-406-6229,dhattiff4e@joomla.org,10/30/1966,841
160,Helen-elizabeth Nadin,Female,840-823-2936,hnadin4f@skyrock.com,6/30/1973,636
161,Maiga Legges,Female,258-513-6686,mlegges4g@google.nl,7/28/1985,295
162,Perl Smitton,Female,145-964-9737,psmitton4h@hc360.com,7/14/1951,533
163,Ringo Threadkell,Male,565-520-2189,rthreadkell4i@github.io,9/12/1996,935
164,Christa Laddle,Female,782-628-7276,claddle4j@netlog.com,3/17/1998,593
165,Isador Bremond,Male,399-264-7976,ibremond4k@technorati.com,10/24/1958,873
166,Cloris Moyne,Female,457-814-6260,cmoyne4l@unesco.org,6/10/1958,826
167,Paco Rawet,Male,866-342-6539,prawet4m@purevolume.com,1/5/1975,209
168,Amalee Dominick,Female,546-877-0145,adominick4n@goo.ne.jp,2/21/1957,310
169,Jackquelin Ludman,Female,198-151-2891,jludman4o@jugem.jp,12/15/1971,227
170,Silvano Djekic,Male,275-823-6896,sdjekic4p@yahoo.com,11/23/1973,270
171,Obie Mugg,Male,231-757-0010,omugg4q@ibm.com,7/6/1965,405
172,Jennee Yersin,Female,792-861-3596,jyersin4r@hp.com,5/26/1998,149
173,Devora Larrington,Female,633-393-7958,dlarrington4s@prlog.org,11/8/1955,495
174,Louisa Gwillim,Female,385-207-5579,lgwillim4t@bravesites.com,6/14/1954,387
175,Gillian Camerello,Female,435-562-3211,gcamerello4u@weibo.com,2/9/1950,79
176,Holli Jubert,Female,932-167-7681,hjubert4v@surveymonkey.com,10/21/1962,427
177,Arman Stanistrete,Male,810-512-5299,astanistrete4w@nba.com,9/16/1993,712
178,Guthry MacCard,Male,638-233-9792,gmaccard4x@webnode.com,4/23/1951,881
179,Blakeley Odhams,Female,747-289-3893,bodhams4y@home.pl,1/4/2000,49
180,Thaddeus Withey,Male,585-231-9833,twithey4z@chronoengine.com,10/25/1952,428
181,Linnea Dimitrescu,Female,934-621-0019,ldimitrescu50@geocities.jp,2/20/1953,262
182,Jeno Robbins,Male,310-318-6637,jrobbins51@smh.com.au,9/8/1966,339
183,Noby Van Schafflaer,Male,638-170-7966,nvan52@twitter.com,9/21/1966,31
184,Elden Miell,Male,381-906-1188,emiell53@yolasite.com,12/22/1979,234
185,Leshia Donaghie,Female,617-700-5577,ldonaghie54@unblog.fr,4/2/1997,323
186,Ines Bonnyson,Female,585-756-4212,ibonnyson55@facebook.com,7/13/1961,70
187,Albertina Arblaster,Female,859-874-1658,aarblaster56@apple.com,2/27/1965,486
188,Paulie Breagan,Male,742-373-3908,pbreagan57@delicious.com,5/27/1989,598
189,Terry Maskew,Male,913-517-1923,tmaskew58@wikia.com,11/9/1980,218
190,Jarid Weddup,Male,966-677-5748,jweddup59@ucla.edu,9/17/1975,638
191,Ludovico Luby,Male,417-676-3823,lluby5a@ft.com,12/15/1973,595
192,Cami Richley,Female,402-346-6226,crichley5b@altervista.org,10/6/1983,599
193,Rudolfo MacCaffery,Male,514-526-3833,rmaccaffery5c@booking.com,12/14/1985,277
194,Cullan Worts,Male,897-399-8204,cworts5d@netscape.com,9/12/1961,461
195,Raymond Walbrun,Male,887-328-8138,rwalbrun5e@techcrunch.com,3/1/1972,488
196,Magdalen MacPeice,Female,464-286-5005,mmacpeice5f@blogtalkradio.com,2/20/1985,354
197,Sandy Crawforth,Female,200-630-9917,scrawforth5g@phoca.cz,1/16/1969,560
198,Aurlie Spinella,Female,731-622-2542,aspinella5h@ibm.com,3/18/1952,396
199,Kriste Doumenc,Female,312-857-4707,kdoumenc5i@apache.org,4/7/2000,470
200,Price Thorby,Male,638-893-6856,pthorby5j@xinhuanet.com,9/18/1961,617
201,Aline McCromley,Female,537-320-3995,amccromley5k@tripod.com,7/17/1982,454
202,Cameron Coopland,Male,116-765-2320,ccoopland5l@prnewswire.com,5/25/1976,62
203,Hasheem Whitlaw,Male,665-571-1355,hwhitlaw5m@last.fm,2/6/2000,445
204,Magdaia Grundell,Female,487-285-1259,mgrundell5n@aol.com,11/14/1976,349
205,Margalo Imort,Female,116-411-3455,mimort5o@prnewswire.com,9/3/1997,811
206,Barnard Favill,Male,625-496-5899,bfavill5p@github.io,7/9/1973,819
207,Dyana Edmund,Female,178-582-8682,dedmund5q@diigo.com,3/9/1953,728
208,Loni Gimbrett,Female,854-578-0570,lgimbrett5r@moonfruit.com,11/20/1980,150
209,Cyndy Burgiss,Female,146-846-1454,cburgiss5s@a8.net,4/26/1978,160
210,Barbra Matyushkin,Female,520-709-6138,bmatyushkin5t@sohu.com,4/27/1954,50
211,Rourke Baker,Male,191-528-0977,rbaker5u@mediafire.com,9/24/1970,633
212,Peg Tuffin,Female,478-894-0632,ptuffin5v@army.mil,5/7/1980,389
213,Gustavo Johnson,Male,451-229-5763,gjohnson5w@weebly.com,8/27/1969,587
214,Clerc Langelay,Male,610-294-7831,clangelay5x@bloglovin.com,12/7/1980,895
215,Jillene McClenan,Female,364-564-4879,jmcclenan5y@dell.com,11/4/1994,698
216,Taffy Benne,Female,588-870-1945,tbenne5z@google.cn,8/9/1985,110
217,Forrest Cowdery,Male,986-188-6397,fcowdery60@uiuc.edu,3/31/1966,565
218,Cherey Baszniak,Female,834-651-2778,cbaszniak61@house.gov,11/21/1965,157
219,Hetty Campanelli,Female,396-348-0889,hcampanelli62@bizjournals.com,9/2/1951,183
220,Hobard Hutchison,Male,977-872-0577,hhutchison63@trellian.com,9/5/1951,697
221,Cindie McBain,Female,908-917-4743,cmcbain64@chron.com,4/22/1957,894
222,Grove Shawl,Male,206-506-7539,gshawl65@studiopress.com,8/18/1961,474
223,Engracia Longstreet,Female,363-381-8482,elongstreet66@loc.gov,6/17/1959,425
224,Calhoun Le Provest,Male,699-181-4906,cle67@wordpress.com,11/3/1984,925
225,Jeddy Wingeat,Male,490-663-7519,jwingeat68@uiuc.edu,3/29/1977,465
226,Adolph Hansill,Male,799-910-2003,ahansill69@nytimes.com,12/28/1973,927
227,Maxy Frobisher,Female,970-887-8874,mfrobisher6a@amazon.com,2/7/1959,231
228,Marylou Bliss,Female,202-848-9742,mbliss6b@wunderground.com,2/10/1968,42
229,Jaimie Peat,Male,185-655-6536,jpeat6c@foxnews.com,7/27/1955,776
230,Brit Daltrey,Male,256-783-2146,bdaltrey6d@stanford.edu,12/10/1990,490
231,Elbert Giovannacc@i,Male,964-734-7659,egiovannacci6e@histats.com,11/8/1994,530
232,Archer Drabble,Male,872-354-3946,adrabble6f@vinaora.com,11/26/1955,214
233,Tine Chartman,Female,983-944-2898,tchartman6g@csmonitor.com,12/22/1950,306
234,Shelly Youles,Female,918-914-8893,syoules6h@cbsnews.com,7/20/1965,747
235,Ringo Tressler,Male,641-573-3891,rtressler6i@blogspot.com,6/21/1972,199
236,Raviv Hubner,Male,272-684-0283,rhubner6j@artisteer.com,2/27/1989,983
237,Arabella Caudell,Female,607-966-8810,acaudell6k@hp.com,8/17/1960,233
238,Berton Beare,Male,440-466-2119,bbeare6l@ow.ly,2/14/1989,503
239,Harriott Mynott,Female,229-624-5413,hmynott6m@cpanel.net,8/7/1955,508
240,Leticia Wisniewski,Female,490-739-1362,lwisniewski6n@unicef.org,1/20/1974,758
241,Jolyn Kelson,Female,147-729-7645,jkelson6o@va.gov,1/8/1982,936
242,Ashlen Rochford,Female,594-357-3633,arochford6p@irs.gov,8/11/1968,376
243,Russell Wellbelove,Male,492-366-7848,rwellbelove6q@drupal.org,1/30/1991,484
244,Moira Trevor,Female,318-206-7074,mtrevor6r@netlog.com,12/7/1967,155
245,Matias Dunsford,Male,623-640-1063,mdunsford6s@discovery.com,2/26/1976,899
246,Channa Wentworth,Female,464-442-0018,cwentworth6t@merriam-webster.com,5/23/1956,26
247,Madelaine Roma,Female,757-814-2471,mroma6u@bloglovin.com,12/18/1950,475
248,Peria Tilte,Female,530-547-9704,ptilte6v@icq.com,10/18/1975,477
249,Tann Slocombe,Male,118-418-9168,tslocombe6w@sitemeter.com,4/3/1951,288
250,Maje Macari,Male,629-542-8218,mmacari6x@surveymonkey.com,9/15/1998,32
251,Shannah Putterill,Female,816-100-4341,sputterill6y@prweb.com,4/29/1960,610
252,Janina Witchalls,Female,329-286-2397,jwitchalls6z@oracle.com,7/22/1961,341
253,Donnie Cawley,Male,638-688-3334,dcawley70@purevolume.com,9/11/1953,845
254,Stefano Dinsdale,Male,681-614-8995,sdinsdale71@cnbc.com,9/13/1950,52
255,Ken Szymanski,Male,355-779-4101,kszymanski72@nydailynews.com,10/1/1956,797
256,Janot Garahan,Female,920-340-0226,jgarahan73@shinystat.com,10/25/1951,340
257,Gerrie Tamsett,Male,402-327-2416,gtamsett74@wikispaces.com,11/23/1960,33
258,Willi Houlworth,Male,697-871-2477,whoulworth75@wiley.com,1/14/1995,763
259,Langston Arpin,Male,980-553-5295,larpin76@economist.com,10/28/1977,129
260,Jacob Chimes,Male,988-104-9495,jchimes77@squidoo.com,9/15/1998,924
261,Frances Nockalls,Female,352-826-2603,fnockalls78@google.it,8/17/1997,409
262,Gunar Reaper,Male,593-650-3828,greaper79@wikispaces.com,8/30/1979,329
263,Ezequiel Gabbitus,Male,951-325-1047,egabbitus7a@comsenz.com,8/14/1982,852
264,Kippie Pavelin,Male,497-225-0545,kpavelin7b@tuttocitta.it,10/26/2000,366
265,Adham Cannavan,Male,970-992-6525,acannavan7c@google.de,12/28/1961,96
266,Alexander Coleyshaw,Male,131-426-2721,acoleyshaw7d@yellowpages.com,10/6/1990,958
267,Benton Grimsditch,Male,626-618-4898,bgrimsditch7e@europa.eu,3/21/1953,679
268,Joanna Angric,Female,839-103-2112,jangric7f@harvard.edu,3/30/1993,212
269,Eb Conn,Male,623-143-9066,econn7g@noaa.gov,4/30/1977,403
270,Fraze Newham,Male,735-903-0480,fnewham7h@toplist.cz,3/22/1969,838
271,Ginelle Bernth,Female,606-462-9425,gbernth7i@google.es,8/18/1993,870
272,Hobie Cleynman,Male,858-491-7584,hcleynman7j@accuweather.com,1/14/1954,249
273,Arvin Fawckner,Male,245-709-3379,afawckner7k@cbslocal.com,2/1/1983,541
274,Olia Dartnell,Female,231-869-8350,odartnell7l@delicious.com,12/27/1999,278
275,Merv Moakes,Male,943-790-9805,mmoakes7m@ed.gov,7/8/1972,399
276,Pattie Shelborne,Female,804-187-3312,pshelborne7n@nationalgeographic.com,6/1/1982,174
277,Gibb Capitano,Male,755-734-9192,gcapitano7o@apple.com,4/14/1980,491
278,Manny Girdlestone,Male,307-212-3931,mgirdlestone7p@about.me,2/20/1995,423
279,Reg Ferencowicz,Male,525-242-4659,rferencowicz7q@indiatimes.com,2/16/1962,437
280,Kennie Stroyan,Male,244-674-4254,kstroyan7r@ted.com,1/11/1988,529
281,Ber Fenby,Male,163-281-0812,bfenby7s@feedburner.com,6/21/1975,121
282,Nevin Hedman,Male,722-539-8439,nhedman7t@amazon.co.uk,8/23/1979,385
283,Carroll Dzeniskevich,Female,536-651-6858,cdzeniskevich7u@lycos.com,12/17/1988,84
284,Waldon Olsson,Male,669-341-9923,wolsson7v@amazonaws.com,12/15/1959,970
285,Shannon Glendinning,Female,643-196-3735,sglendinning7w@livejournal.com,1/1/1975,314
286,Zared Tedridge,Male,778-412-7256,ztedridge7x@eepurl.com,8/8/1995,602
287,Giacomo O'Halloran,Male,672-559-5002,gohalloran7y@aol.com,3/18/1992,583
288,Zolly Ottosen,Male,153-895-3610,zottosen7z@bloomberg.com,3/7/1953,973
289,Abbe Pletts,Male,147-670-1509,apletts80@posterous.com,12/8/1962,661
290,Marketa Roebuck,Female,789-730-7752,mroebuck81@ftc.gov,3/6/1993,435
291,Valida Carling,Female,642-564-9760,vcarling82@newyorker.com,8/11/1998,177
292,Allis Tipping,Female,935-126-4986,atipping83@engadget.com,9/9/1992,282
293,Tanny Clink,Male,797-803-0068,tclink84@redcross.org,1/29/1985,297
294,Wally McKall,Male,389-324-8650,wmckall85@bandcamp.com,6/29/1967,761
295,Marve Sotheby,Male,618-763-9082,msotheby86@ihg.com,1/17/1968,248
296,Allene Kennan,Female,864-251-3924,akennan87@ning.com,5/8/1990,128
297,Arley Wroughton,Male,893-821-8400,awroughton88@digg.com,12/23/1964,995
298,Nadiya Snow,Female,740-646-7264,nsnow89@ustream.tv,2/23/1951,871
299,Lukas Gaymar,Male,338-646-0033,lgaymar8a@tinyurl.com,11/14/2000,742
300,Bebe Obbard,Female,823-846-1957,bobbard8b@blog.com,4/9/1967,585
301,Shirlene Blackway,Female,602-575-9925,sblackway8c@xrea.com,9/28/1992,542
302,Jon Hansel,Male,809-487-4860,jhansel8d@un.org,1/9/1977,241
303,Terri Pear,Male,751-481-0083,tpear8e@alexa.com,2/5/1973,868
304,Grethel Verheyden,Female,876-447-6004,gverheyden8f@xrea.com,8/1/1970,250
305,Lorens Calrow,Male,893-112-4368,lcalrow8g@qq.com,6/1/1954,146
306,Jareb Caddy,Male,663-849-5011,jcaddy8h@istockphoto.com,12/16/1987,569
307,Sabina Millson,Female,198-820-9049,smillson8i@soup.io,10/16/1976,421
308,Arluene Skeat,Female,312-136-6626,askeat8j@goodreads.com,8/7/1955,356
309,Laney Tournie,Male,956-603-8601,ltournie8k@wordpress.com,10/23/1986,205
310,Morgen Orry,Male,849-245-8489,morry8l@princeton.edu,6/24/1993,360
311,Darn Cragoe,Male,214-673-9539,dcragoe8m@godaddy.com,2/3/1965,731
312,Dill D'Oyley,Male,505-593-6215,ddoyley8n@live.com,11/27/1967,169
313,Myrilla Tieraney,Female,639-523-0912,mtieraney8o@amazonaws.com,5/26/1953,315
314,Judas Blunsen,Male,293-534-4460,jblunsen8p@bbb.org,7/1/1975,66
315,Meaghan Gruszczak,Female,799-421-9416,mgruszczak8q@deviantart.com,8/6/1963,528
316,Englebert Yelden,Male,289-829-9482,eyelden8r@dedecms.com,2/5/1999,74
317,Gearalt Everal,Male,526-406-3743,geveral8s@indiegogo.com,2/10/1971,741
318,Leonelle Irving,Female,821-298-1591,lirving8t@squarespace.com,9/30/1993,836
319,Tyler Willeson,Male,327-951-6525,twilleson8u@cocolog-nifty.com,4/4/1990,497
320,Sophronia Trevance,Female,620-223-1878,strevance8v@mtv.com,9/15/1997,225
321,Desiri Maunton,Female,338-413-8878,dmaunton8w@odnoklassniki.ru,6/13/1989,391
322,Thalia Piggen,Female,477-244-9015,tpiggen8x@mac.com,6/8/1951,844
323,Prissie Fraanchyonok,Female,904-762-5053,pfraanchyonok8y@weebly.com,10/12/1971,456
324,Ansel Coales,Male,656-700-5857,acoales8z@fda.gov,8/20/1996,407
325,Stephie Frodsam,Female,111-462-3950,sfrodsam90@sbwire.com,5/17/1971,204
326,Bert Dumberrill,Male,326-963-4483,bdumberrill91@list-manage.com,3/16/1990,380
327,Killian Howroyd,Male,521-450-9925,khowroyd92@dagondesign.com,7/29/1959,840
328,Mord Swyn,Male,163-660-5273,mswyn93@ft.com,10/17/1994,622
329,Carola Guilloux,Female,224-304-8382,cguilloux94@sbwire.com,7/22/1999,544
330,Marcus Meysham,Male,298-369-1317,mmeysham95@posterous.com,10/14/1982,511
331,Moyra Mozzi,Female,941-340-6849,mmozzi96@feedburner.com,4/26/1984,803
332,Brigg Wilkins,Male,871-867-2656,bwilkins97@cloudflare.com,5/8/1957,945
333,Abrahan Mazzeo,Male,660-828-8886,amazzeo98@feedburner.com,7/22/1980,534
334,Budd Christophe,Male,716-550-5610,bchristophe99@weebly.com,9/8/1970,229
335,Oren Baudesson,Male,986-264-1043,obaudesson9a@wikispaces.com,6/20/1998,997
336,Webster Goede,Male,553-617-7156,wgoede9b@apache.org,2/25/1985,332
337,Ranice Jenicek,Female,991-896-0808,rjenicek9c@bigcartel.com,12/26/1980,768
338,Lavena Geer,Female,288-424-4092,lgeer9d@prlog.org,1/7/1998,57
339,Ricki Keady,Female,419-373-6425,rkeady9e@friendfeed.com,7/23/1995,722
340,Tadd Gregoriou,Male,658-194-1775,tgregoriou9f@tripadvisor.com,10/31/1992,994
341,Odilia Disbrey,Female,329-377-5514,odisbrey9g@irs.gov,10/1/1994,207
342,Calli Linnard,Female,138-799-4383,clinnard9h@disqus.com,6/6/1980,626
343,Brunhilda Rysom,Female,698-974-3119,brysom9i@e-recht24.de,5/5/1965,261
344,Rosie Prest,Female,601-614-9203,rprest9j@opensource.org,7/5/1980,589
345,Vivia MacDearmid,Female,904-406-4147,vmacdearmid9k@sitemeter.com,7/10/1991,159
346,Agnese Bruyet,Female,129-378-6151,abruyet9l@who.int,8/26/1957,357
347,Ricky Hadingham,Male,483-326-4223,rhadingham9m@shop-pro.jp,3/17/1989,644
348,Bidget Charville,Female,316-133-3106,bcharville9n@telegraph.co.uk,6/25/1992,672
349,Sig Cleaton,Male,716-800-9049,scleaton9o@weather.com,2/17/1979,448
350,Jewelle Randerson,Female,470-407-2969,jranderson9p@state.tx.us,11/24/1992,298
351,Kinnie Lavington,Male,522-415-9309,klavington9q@cbsnews.com,5/8/1961,203
352,Casandra Geck,Female,359-629-2410,cgeck9r@google.cn,11/26/1999,487
353,Becca Winnister,Female,655-811-3854,bwinnister9s@pinterest.com,11/30/1969,785
354,Ediva Matuszak,Female,215-911-7174,ematuszak9t@com.com,6/4/1968,397
355,Samantha Danick,Female,351-906-4197,sdanick9u@soup.io,8/26/1958,384
356,Mallissa Porkiss,Female,491-613-0351,mporkiss9v@wufoo.com,4/19/1970,44
357,Madelene Van Arsdall,Female,436-306-1194,mvan9w@mysql.com,5/13/1953,691
358,Lanny Wozencroft,Male,337-628-3837,lwozencroft9x@bloomberg.com,2/17/1990,628
359,Annice Chessman,Female,611-632-1172,achessman9y@europa.eu,2/14/1962,929
360,Muire Wildber,Female,521-163-2172,mwildber9z@google.com.au,9/11/1956,140
361,Jacklin Martygin,Female,588-472-3129,jmartygina0@shinystat.com,9/27/1974,492
362,Ashlie Lawday,Female,246-116-2357,alawdaya1@washington.edu,11/21/1990,863
363,Barron Astill,Male,275-126-1559,bastilla2@wufoo.com,12/21/1958,857
364,Colet Cody,Male,653-185-9916,ccodya3@adobe.com,9/28/1981,119
365,Hazlett Chasson,Male,644-317-0641,hchassona4@prweb.com,6/13/1986,833
366,Hermie Grimestone,Male,663-647-7019,hgrimestonea5@so-net.ne.jp,2/17/1974,162
367,Xylia Cleatherow,Female,765-709-0752,xcleatherowa6@goo.ne.jp,6/4/1994,955
368,Harlin La Rosa,Male,804-950-6296,hlaa7@cbc.ca,7/8/1988,943
369,Danni Keems,Female,851-226-5004,dkeemsa8@ucoz.com,4/30/1986,97
370,Silas Jennings,Male,937-348-8107,sjenningsa9@ibm.com,8/1/1988,710
371,Renard Callum,Male,802-412-7181,rcallumaa@unesco.org,8/8/1970,725
372,Eileen Thickpenny,Female,568-520-0783,ethickpennyab@ucla.edu,8/4/1959,244
373,Gill Knottley,Male,339-546-1777,gknottleyac@google.com.br,12/19/1966,411
374,Alair Gaine,Male,525-948-6665,againead@theglobeandmail.com,1/16/1987,966
375,Cyb Cullabine,Female,125-278-0869,ccullabineae@economist.com,12/13/1959,335
376,Blayne Gilchriest,Male,668-144-7459,bgilchriestaf@google.nl,7/15/1988,518
377,Jodie Cossem,Female,218-642-1836,jcossemag@nhs.uk,7/5/1950,709
378,Kyrstin Chittock,Female,474-338-8310,kchittockah@noaa.gov,3/19/1992,117
379,Marketa Pach,Female,596-578-1191,mpachai@people.com.cn,6/11/1993,664
380,Akim Kadwallider,Male,935-941-2998,akadwallideraj@shinystat.com,5/13/1971,393
381,Noach Cregin,Male,182-868-4036,ncreginak@auda.org.au,7/24/1992,615
382,De Snellman,Female,888-947-4090,dsnellmanal@meetup.com,9/12/1958,373
383,Sofia Turfitt,Female,572-834-8263,sturfittam@t-online.de,1/30/1995,53
384,Selig Neillans,Male,440-168-1192,sneillansan@e-recht24.de,2/21/1950,82
385,Sibley Crier,Female,691-659-9552,scrierao@cnet.com,10/21/1963,337
386,Sherwin Puden,Male,999-757-1325,spudenap@w3.org,11/21/1964,192
387,Nolie Pettican,Female,541-946-4507,npetticanaq@techcrunch.com,11/22/1967,517
388,Lind Huntington,Male,154-513-4759,lhuntingtonar@icio.us,2/19/1979,767
389,Heath Offield,Male,772-326-5640,hoffieldas@icio.us,5/7/1961,804
390,Alleyn McNirlan,Male,573-361-3330,amcnirlanat@ed.gov,11/23/1969,783
391,Mallory Dummer,Female,825-602-8966,mdummerau@usatoday.com,9/19/1976,750
392,Otis Larkin,Male,112-955-7498,olarkinav@twitpic.com,2/5/1982,106
393,Zechariah Balham,Male,765-802-4621,zbalhamaw@omniture.com,3/21/1976,926
394,Alix Schimpke,Female,828-341-1396,aschimpkeax@pagesperso-orange.fr,1/25/1969,483
395,Denise Kardos-Stowe,Female,804-808-9246,dkardosstoweay@google.co.uk,11/11/1958,143
396,Temple De Bruyn,Male,761-477-3589,tdeaz@ustream.tv,3/31/1997,394
397,Faythe Cecere,Female,141-608-6290,fcecereb0@pagesperso-orange.fr,4/18/1999,467
398,Saidee Cogin,Female,780-465-7724,scoginb1@wikia.com,10/15/1994,206
399,Fremont Stirrip,Male,278-273-0161,fstirripb2@goo.gl,8/9/1978,775
400,Kristo Yegoshin,Male,995-824-3914,kyegoshinb3@tinypic.com,9/17/1997,308
401,Ellsworth Olivo,Male,899-700-5208,eolivob4@europa.eu,8/6/1983,466
402,Arvin Pimlett,Male,930-345-8491,apimlettb5@blinklist.com,3/24/1966,467
403,Carola Edmans,Female,146-266-7746,cedmansb6@eventbrite.com,6/2/1971,194
404,Auroora Brankley,Female,806-909-8965,abrankleyb7@wsj.com,1/24/1987,214
405,Cami Clingan,Female,593-528-7905,cclinganb8@squidoo.com,10/22/1994,180
406,Inesita Labrenz,Female,861-139-6506,ilabrenzb9@123-reg.co.uk,10/16/1963,709
407,Debee Killingbeck,Female,385-291-9741,dkillingbeckba@columbia.edu,6/6/1952,720
408,Hillie Syrad,Male,958-313-7995,hsyradbb@1688.com,11/7/1993,878
409,Modestine Rigge,Female,802-582-4074,mriggebc@wired.com,9/26/1980,619
410,Remy Thominga,Female,387-695-2950,rthomingabd@smugmug.com,9/18/1966,245
411,Ariana Gate,Female,785-520-4969,agatebe@last.fm,7/7/1990,398
412,Corinne Leyshon,Female,393-630-1029,cleyshonbf@youku.com,3/13/1986,114
413,Cathie Hyder,Female,906-232-2112,chyderbg@etsy.com,2/10/2000,336
414,Robert Aggas,Male,222-713-4412,raggasbh@spotify.com,4/26/1981,53
415,Angelico Ryson,Male,593-618-6078,arysonbi@privacy.gov.au,9/27/1996,665
416,Dick Rickell,Male,416-787-4134,drickellbj@phpbb.com,8/4/1960,782
417,Carlie Calendar,Male,267-969-2949,ccalendarbk@narod.ru,10/25/1998,676
418,Floyd Ubsdell,Male,429-862-2023,fubsdellbl@netscape.com,2/7/1969,445
419,Glynis Jacobovitch,Female,679-100-2864,gjacobovitchbm@indiegogo.com,12/21/1994,210
420,Renee Tatum,Female,534-941-2739,rtatumbn@opera.com,7/26/1996,30
421,Artemas Latan,Male,467-801-8932,alatanbo@people.com.cn,11/16/1950,837
422,Bernardo Carse,Male,686-847-7934,bcarsebp@howstuffworks.com,7/17/2000,841
423,Cornelius Cordeau],Male,589-258-5086,ccordeaubq@senate.gov,2/23/1978,128
424,Harriet Nys,Female,939-968-4046,hnysbr@symantec.com,4/4/1970,299
425,Hillary Gantzer,Male,396-195-9341,hgantzerbs@wisc.edu,1/12/1980,886
426,Bridgette Danter,Female,752-461-9777,bdanterbt@cnn.com,9/30/1950,300
427,Price Abramamov,Male,480-783-6966,pabramamovbu@walmart.com,2/19/1980,427
428,Tina Northwood,Female,710-484-1915,tnorthwoodbv@google.co.uk,5/18/1990,797
429,Romola Dady,Female,178-194-8218,rdadybw@skype.com,10/28/1996,743
430,Jaquith Antonijevic,Female,391-608-0897,jantonijevicbx@yelp.com,10/7/1962,45
431,Jennette Kneath,Female,217-250-3441,jkneathby@edublogs.org,9/2/1990,110
432,Dory Matejovsky,Male,648-739-5052,dmatejovskybz@huffingtonpost.com,3/27/1963,421
433,Drucill Manus,Female,988-622-0895,dmanusc0@newsvine.com,2/26/1955,774
434,Carol Richin,Female,137-566-4042,crichinc1@globo.com,10/7/1971,213
435,Kaylyn Purchase,Female,856-610-6050,kpurchasec2@ihg.com,10/22/1982,622
436,Stefania Jullian,Female,538-747-4005,sjullianc3@ucla.edu,3/14/1997,573
437,Nicky Clague,Male,629-810-0254,nclaguec4@topsy.com,1/23/1973,613
438,Andrus Chester,Male,886-573-7532,achesterc5@sourceforge.net,4/9/1951,330
439,Hayyim Jinkin,Male,174-251-7910,hjinkinc6@usatoday.com,9/2/1959,519
440,Morse Antonucci,Male,935-380-5639,mantonuccic7@yolasite.com,2/17/1954,369
441,Davidde McMeyler,Male,954-798-9027,dmcmeylerc8@about.com,4/10/1960,580
442,Monica Dufty,Female,697-799-8081,mduftyc9@exblog.jp,5/12/1963,37
443,Lark Botterman,Female,680-359-8346,lbottermanca@skype.com,7/4/1988,835
444,Sophie Beecham,Female,215-622-8385,sbeechamcb@google.com,3/2/1988,159
445,Micheil Hearsey,Male,531-374-9325,mhearseycc@japanpost.jp,4/13/1954,151
446,Biron Calles,Male,487-557-6161,bcallescd@e-recht24.de,9/30/1986,295
447,Kiri Rivett,Female,347-964-2308,krivettce@vinaora.com,12/24/1990,770
448,Twila Nelson,Female,764-111-9271,tnelsoncf@prnewswire.com,6/24/1985,577
449,Ciro Tummasutti,Male,266-860-5532,ctummasutticg@4shared.com,4/11/1977,865
450,Sadella Wormstone,Female,838-929-8219,swormstonech@usnews.com,11/9/1993,932
451,Gertruda Winckle,Female,684-407-0750,gwinckleci@samsung.com,12/16/1992,26
452,Brianna Ledger,Female,600-189-0168,bledgercj@exblog.jp,3/24/1973,523
453,Nalani Cumberland,Female,891-942-3641,ncumberlandck@thetimes.co.uk,1/26/1967,650
454,Braden Feldhammer,Male,430-308-2347,bfeldhammercl@sciencedirect.com,2/4/1969,972
455,Nikola Tungay,Male,162-530-6968,ntungaycm@tamu.edu,3/3/1971,522
456,Claresta Middle,Female,580-593-7990,cmiddlecn@moonfruit.com,1/31/1952,811
457,Thia Littleover,Female,562-394-8715,tlittleoverco@seattletimes.com,5/15/1953,895
458,Karylin D'Almeida,Female,119-134-6321,kdalmeidacp@apache.org,6/28/1961,117
459,Devina Pamment,Female,752-155-9061,dpammentcq@forbes.com,8/17/1951,197
460,Rollie Yerlett,Male,594-921-9303,ryerlettcr@simplemachines.org,10/26/1974,340
461,Jedd Pache,Male,790-754-5234,jpachecs@ow.ly,3/16/1988,820
462,Loren Cream,Male,674-134-4076,lcreamct@arizona.edu,1/16/1952,241
463,Leshia Tresise,Female,344-362-1659,ltresisecu@bloomberg.com,3/22/1957,327
464,Patric De la Perrelle,Male,812-355-8420,pdecv@wiley.com,3/24/1968,470
465,Ivie Grisard,Female,585-947-5505,igrisardcw@imdb.com,10/1/1958,717
466,Fawn Ciciura,Female,469-602-0284,fciciuracx@simplemachines.org,5/23/1975,343
467,Nolly Waby,Male,840-125-0034,nwabycy@acquirethisname.com,4/3/1960,758
468,Roda Cairns,Female,637-339-4553,rcairnscz@arstechnica.com,3/27/1954,975
469,Rana Lammert,Female,915-136-7158,rlammertd0@virginia.edu,7/21/1960,641
470,Arnoldo Pilbury,Male,737-418-2509,apilburyd1@hugedomains.com,1/10/1985,945
471,Jan Dugget,Male,819-780-2219,jduggetd2@auda.org.au,12/26/1989,169
472,Bel Bruntje,Female,972-994-4540,bbruntjed3@pbs.org,4/10/1951,696
473,Milo Readwood,Male,347-533-9945,mreadwoodd4@npr.org,11/15/1964,310
474,Hilary Cowhig,Male,803-476-5861,hcowhigd5@printfriendly.com,4/28/1959,753
475,Rosemonde Bramley,Female,338-231-8143,rbramleyd6@constantcontact.com,10/9/1999,502
476,Ram Dacke,Male,137-120-2448,rdacked7@umn.edu,1/5/1950,207
477,Nate Gudgin,Male,721-264-3841,ngudgind8@uol.com.br,7/23/1991,518
478,Charleen Bartaloni,Female,514-538-9349,cbartalonid9@freewebs.com,3/6/1968,541
479,Jose Checchi,Male,982-860-4896,jchecchida@ameblo.jp,2/13/1954,609
480,Joni Potzold,Female,965-726-9889,jpotzolddb@i2i.jp,1/7/1997,2
481,Darcy Albrighton,Male,566-261-0517,dalbrightondc@ibm.com,7/20/1963,928
482,Dore Vequaud,Male,786-494-0518,dvequauddd@cloudflare.com,9/2/1997,812
483,Ryon Damrel,Male,278-512-7396,rdamrelde@nydailynews.com,2/28/1972,334
484,Xaviera Cassy,Female,151-822-4742,xcassydf@soup.io,4/15/1996,72
485,Homere Ivanyukov,Male,685-115-8341,hivanyukovdg@netvibes.com,5/20/1963,303
486,Antonie Vogeller,Female,480-894-5818,avogellerdh@homestead.com,6/2/1986,287
487,Perice Fiorentino,Male,146-427-4123,pfiorentinodi@de.vu,9/5/1975,95
488,Tadd Dutnall,Male,999-777-6327,tdutnalldj@statcounter.com,6/22/1982,938
489,Chrysa Gravie,Female,722-452-7516,cgraviedk@chronoengine.com,1/11/1953,1000
490,Nev Castle,Male,889-678-4863,ncastledl@china.com.cn,5/17/1954,585
491,Rodrick Twizell,Male,725-223-4844,rtwizelldm@tuttocitta.it,11/11/1973,566
492,Georas Hollerin,Male,637-541-7739,ghollerindn@dyndns.org,6/9/1957,461
493,Gusti Lucchi,Female,402-247-7187,glucchido@earthlink.net,3/16/1983,611
494,Yoshiko Brunicke,Female,467-565-8048,ybrunickedp@mysql.com,10/2/1961,120
495,Adelind Rome,Female,629-754-9523,aromedq@hc360.com,5/10/1970,468
496,Thane Crowhurst,Male,779-782-6231,tcrowhurstdr@webs.com,7/16/1988,775
497,Sheffield Towndrow,Male,361-893-5387,stowndrowds@harvard.edu,10/10/1969,786
498,Dore Quilligan,Male,639-957-8602,dquilligandt@toplist.cz,5/11/1951,704
499,Avivah Pethick,Female,248-392-6430,apethickdu@ustream.tv,11/10/1998,540
500,Jeno Hinkensen,Male,375-192-7154,jhinkensendv@jugem.jp,7/12/1998,463
501,Junina Vergo,Female,147-462-9308,jvergodw@sitemeter.com,7/18/1990,822
502,Dewie Mifflin,Male,109-464-3765,dmifflindx@flickr.com,10/6/1963,533
503,Melvin Best,Male,369-887-3815,mbestdy@sakura.ne.jp,7/7/1954,100
504,Adriane Staresmeare,Female,958-986-6726,astaresmearedz@naver.com,3/29/1989,874
505,Raine Kennady,Female,676-494-0484,rkennadye0@smugmug.com,6/13/1981,952
506,Collette Coulling,Female,519-879-6872,ccoullinge1@marketwatch.com,5/12/1967,147
507,Elora Maple,Female,598-562-8059,emaplee2@diigo.com,4/17/1967,715
508,Katlin D'eath,Female,669-287-2597,kdeathe3@alibaba.com,9/9/2000,195
509,Camella Normanvell,Female,339-210-9279,cnormanvelle4@merriam-webster.com,9/30/1975,301
510,Sarajane Bonnett,Female,666-460-5940,sbonnette5@1688.com,6/6/1975,593
511,Ethan Pancast,Male,653-605-8992,epancaste6@google.com.br,2/18/1985,922
512,Gillan Gow,Female,761-998-9879,ggowe7@list-manage.com,8/31/1966,436
513,Jere Henstridge,Male,868-777-8525,jhenstridgee8@newsvine.com,1/30/1977,269
514,Broddy Cisland,Male,122-359-5261,bcislande9@wikia.com,10/11/1965,89
515,Ugo Brecken,Male,512-306-4979,ubreckenea@xing.com,6/26/1998,156
516,Antoine Lanegran,Male,804-415-3978,alanegraneb@prnewswire.com,8/31/1980,981
517,Normie McCooke,Male,936-122-8683,nmccookeec@nhs.uk,8/2/1969,79
518,Rani Giggie,Female,117-423-9272,rgiggieed@ucoz.com,6/13/1972,86
519,Sianna Burth,Female,187-757-8218,sburthee@bandcamp.com,2/27/1967,361
520,Alessandro Chapelhow,Male,975-404-6564,achapelhowef@webmd.com,4/15/1965,997
521,Jemimah Traves,Female,570-232-2670,jtraveseg@cloudflare.com,8/28/1997,760
522,Nyssa Buncombe,Female,339-417-3743,nbuncombeeh@yale.edu,7/16/2000,458
523,Skelly Burnyate,Male,567-186-0765,sburnyateei@yahoo.com,5/8/1973,828
524,Phebe Januszkiewicz,Female,733-582-3543,pjanuszkiewiczej@histats.com,9/24/1967,43
525,Lenee Bendle,Female,735-200-9716,lbendleek@icq.com,10/25/1961,791
526,Graig Benjamin,Male,659-825-6921,gbenjaminel@go.com,9/29/1969,257
527,Abbey Chaves,Male,303-865-3343,achavesem@mtv.com,12/8/1976,645
528,Gaye Broadbridge,Female,372-551-7182,gbroadbridgeen@skyrock.com,7/19/1984,819
529,Arnaldo Milch,Male,212-843-1110,amilcheo@unblog.fr,2/25/1981,218
530,Esmaria Treher,Female,602-663-6981,etreherep@bloglovin.com,6/10/1968,512
531,Meredithe Astridge,Female,361-198-2437,mastridgeeq@examiner.com,5/23/1993,74
532,Dennis Cobbing,Male,138-681-2869,dcobbinger@weebly.com,12/18/1960,847
533,Alice Durden,Female,259-575-9991,adurdenes@tinypic.com,12/11/1955,405
534,Ginger Elijahu,Male,967-572-5516,gelijahuet@hud.gov,11/22/1961,415
535,Verina Roughsedge,Female,477-814-6295,vroughsedgeeu@youtu.be,9/1/1976,354
536,Chrissy Tiner,Female,344-412-1670,ctinerev@shinystat.com,4/7/1981,44
537,Tonnie Burney,Male,999-564-6524,tburneyew@wordpress.com,9/17/1991,976
538,Enid Scargill,Female,711-201-1484,escargillex@amazon.co.jp,5/28/1998,648
539,Marc Spilisy,Male,665-309-3900,mspilisyey@desdev.cn,6/16/1981,262
540,Leroi Candlin,Male,280-786-1758,lcandlinez@diigo.com,11/13/1980,294
541,Janella Graveston,Female,795-859-3947,jgravestonf0@netlog.com,9/14/1951,506
542,Johanna Jakoubec,Female,226-754-0697,jjakoubecf1@simplemachines.org,6/19/1986,988
543,Maximilian De Biasi,Male,407-353-8010,mdef2@umn.edu,10/19/1984,759
544,Akim Heinish,Male,461-627-8257,aheinishf3@wikipedia.org,10/9/1983,725
545,Griffie Death,Male,406-750-0943,gdeathf4@sciencedirect.com,10/14/1976,800
546,Iorgo Lawtey,Male,371-509-1273,ilawteyf5@biglobe.ne.jp,9/16/1963,779
547,Farly Dumbreck,Male,564-109-4878,fdumbreckf6@loc.gov,7/7/1958,989
548,Bernarr Debrett,Male,226-630-4292,bdebrettf7@linkedin.com,2/18/1970,678
549,Kamillah Unsworth,Female,142-763-5989,kunsworthf8@google.pl,6/20/1955,950
550,Letty Petrovsky,Female,108-846-5087,lpetrovskyf9@wunderground.com,3/29/1975,251
551,Fredrika Plumbley,Female,748-342-9959,fplumbleyfa@creativecommons.org,5/1/1952,446
552,Alec Booi,Male,566-847-0702,abooifb@bbc.co.uk,1/22/1952,105
553,Patrizius Lenney,Male,628-765-0333,plenneyfc@europa.eu,10/4/1965,339
554,Roselle Solan,Female,624-254-6703,rsolanfd@springer.com,5/27/1973,844
555,Christoffer Juzek,Male,874-623-7551,cjuzekfe@istockphoto.com,10/29/1987,535
556,Chrysa Copner,Female,593-274-6293,ccopnerff@free.fr,11/2/1950,140
557,Paulie Klain,Male,355-776-0259,pklainfg@pen.io,1/25/1984,167
558,Keenan Metts,Male,980-431-9969,kmettsfh@toplist.cz,4/20/1992,84
559,Selie Muldownie,Female,216-696-4437,smuldowniefi@icq.com,9/2/1986,659
560,Hewet Mechan,Male,283-798-2861,hmechanfj@wunderground.com,11/28/1990,386
561,Roseann Griss,Female,248-831-2194,rgrissfk@macromedia.com,11/5/1953,454
562,Adelice Chopping,Female,212-505-0866,achoppingfl@xrea.com,4/22/1992,702
563,Florencia Figura,Female,725-191-9482,ffigurafm@jalbum.net,11/28/1984,8
564,Lily Huxton,Female,789-175-6327,lhuxtonfn@g.co,4/3/1952,134
565,Elihu Seakings,Male,972-873-4248,eseakingsfo@quantcast.com,2/24/1981,29
566,Mitchel Lobb,Male,758-684-2612,mlobbfp@tiny.cc,8/13/1960,188
567,Rad Scholz,Male,831-272-8451,rscholzfq@w3.org,3/4/1999,631
568,Allsun Sandhill,Female,292-801-9987,asandhillfr@ucoz.ru,7/28/1953,958
569,Vinny Kauschke,Male,346-656-0119,vkauschkefs@youku.com,8/18/1993,734
570,Abdel Rangell,Male,129-646-6848,arangellft@aboutads.info,1/8/1981,422
571,Robb Bonome,Male,489-602-1665,rbonomefu@macromedia.com,9/19/1956,462
572,Melitta Jager,Female,974-679-9384,mjagerfv@wikia.com,5/16/1984,279
573,Lita Derby,Female,150-535-2211,lderbyfw@archive.org,2/10/1998,497
574,Nellie Menear,Female,894-312-5031,nmenearfx@howstuffworks.com,4/4/1980,880
575,Trix Gainsboro,Female,468-594-8106,tgainsborofy@wsj.com,8/4/1984,275
576,Kania Lineen,Female,258-373-6446,klineenfz@sogou.com,10/31/1955,419
577,Ermin Warriner,Male,894-352-6118,ewarrinerg0@adobe.com,9/13/1956,528
578,Brandy Handlin,Male,725-332-1630,bhandling1@house.gov,4/21/1982,443
579,Janet Edelston,Female,454-603-8749,jedelstong2@google.fr,2/7/1950,745
580,Pierre Lovell,Male,927-255-3836,plovellg3@woothemes.com,3/11/1971,265
581,Sanford MacCrosson,Male,256-841-1398,smaccrossong4@yahoo.com,4/26/1983,393
582,Estevan Flatt,Male,234-685-7941,eflattg5@mediafire.com,8/2/1995,492
583,Edlin Du Fray,Male,199-970-6394,edug6@shutterfly.com,12/19/1960,293
584,Maryellen Cossor,Female,843-958-1063,mcossorg7@alibaba.com,9/1/1978,840
585,Hashim Kelwaybamber,Male,420-280-7125,hkelwaybamberg8@a8.net,11/4/1954,750
586,Alfi Mattheus,Female,503-310-3540,amattheusg9@instagram.com,5/17/1966,804
587,Chickie Buss,Female,775-457-5263,cbussga@huffingtonpost.com,9/22/1975,634
588,Aaren Anneslie,Female,172-509-6968,aannesliegb@wiley.com,6/12/1953,69
589,Rasia Nieass,Female,126-736-4595,rnieassgc@mediafire.com,9/16/1983,591
590,Conroy Scholcroft,Male,290-897-9840,cscholcroftgd@ft.com,4/11/1981,238
591,Joshua Mowen,Male,482-549-0857,jmowenge@hhs.gov,7/14/1968,995
592,Kelila Gillmor,Female,519-718-8899,kgillmorgf@lycos.com,10/16/1992,999
593,Chiarra Bickell,Female,459-773-8892,cbickellgg@jugem.jp,7/12/1971,508
594,Tannie Maylard,Male,510-163-7634,tmaylardgh@about.me,4/9/1961,76
595,Findley Ruspine,Male,181-855-1367,fruspinegi@va.gov,7/1/1974,465
596,Garik Bronger,Male,828-522-6436,gbrongergj@taobao.com,6/15/1999,452
597,Traci Halahan,Female,618-894-3114,thalahangk@google.nl,9/22/1960,581
598,Alonzo Giacomoni,Male,107-560-4093,agiacomonigl@about.me,12/16/1968,873
599,Peri Gilbank,Female,320-424-7607,pgilbankgm@instagram.com,3/31/1970,826
600,Natale Peirpoint,Male,959-240-3841,npeirpointgn@cbsnews.com,12/8/1985,94
601,Elliott Margetson,Male,729-634-0999,emargetsongo@tuttocitta.it,9/19/1985,355
602,Tandie Bilham,Female,593-702-8892,tbilhamgp@newyorker.com,2/5/1997,260
603,Salli Wincom,Female,109-714-2701,swincomgq@altervista.org,10/6/1963,236
604,Luce Gerkens,Male,847-131-0011,lgerkensgr@google.com.hk,10/26/1953,966
605,Sergent Mayall,Male,570-650-4739,smayallgs@twitter.com,11/28/1979,656
606,Talia Bonnett,Female,115-443-2357,tbonnettgt@buzzfeed.com,6/24/1955,172
607,Estele Awdry,Female,448-618-5574,eawdrygu@weather.com,9/13/1993,395
608,Almire Balden,Female,661-344-5556,abaldengv@tiny.cc,3/4/1990,503
609,Eolanda Rickaby,Female,166-641-8211,erickabygw@auda.org.au,12/8/1992,796
610,Hamid Evenden,Male,911-454-6196,hevendengx@4shared.com,5/11/1963,357
611,Darcee Evenden,Female,971-782-9876,devendengy@princeton.edu,11/26/1974,424
612,Austen Batistelli,Male,395-279-4371,abatistelligz@comsenz.com,4/20/1961,730
613,Aylmer Killough,Male,893-579-4458,akilloughh0@vistaprint.com,3/9/1987,368
614,Ashbey Lean,Male,190-446-5175,aleanh1@un.org,1/2/1986,714
615,Hersch Insko,Male,569-538-1483,hinskoh2@blogtalkradio.com,2/26/1983,824
616,Grantley Aked,Male,726-810-1411,gakedh3@prnewswire.com,12/14/1955,904
617,Grady Rzehorz,Male,556-163-5895,grzehorzh4@xrea.com,9/10/1950,487
618,Allene Novotni,Female,870-173-7553,anovotnih5@odnoklassniki.ru,4/23/1979,135
619,Dion Grcic,Female,355-588-0483,dgrcich6@sohu.com,1/12/2000,859
620,Howey Simmill,Male,377-622-9654,hsimmillh7@uiuc.edu,1/15/1972,253
621,Ted Bowick,Female,517-357-6307,tbowickh8@state.tx.us,5/22/1975,515
622,Mathian McCunn,Male,557-236-0739,mmccunnh9@sciencedaily.com,5/21/1985,127
623,Claudie Mayers,Female,524-897-8135,cmayersha@usatoday.com,8/11/1953,595
624,Thornie Ure,Male,281-540-9326,turehb@hubpages.com,9/19/1992,80
625,Lynnelle Burrill,Female,282-548-0744,lburrillhc@bbb.org,1/1/1970,123
626,Barclay Markl,Male,282-703-3452,bmarklhd@flickr.com,11/24/1980,153
627,Les Firbank,Male,838-440-3232,lfirbankhe@yale.edu,6/11/1971,968
628,Nicol Olanda,Female,436-343-1473,nolandahf@boston.com,5/5/1960,148
629,Ximenes Le Ball,Male,930-870-1945,xlehg@e-recht24.de,7/15/1981,744
630,Nancie Hesbrook,Female,680-380-2404,nhesbrookhh@intel.com,11/1/1992,881
631,Belia Maps,Female,832-274-4679,bmapshi@linkedin.com,3/8/1972,805
632,Marnie Chazelas,Female,754-295-2404,mchazelashj@dagondesign.com,5/7/1993,302
633,Alfie Bellefonte,Male,224-462-0355,abellefontehk@tamu.edu,1/19/1978,516
634,Penn Westney,Male,436-946-6458,pwestneyhl@scientificamerican.com,8/23/1971,584
635,Jasmina Pether,Female,973-289-3064,jpetherhm@fotki.com,1/6/1988,994
636,Rodger Valentin,Male,408-284-4535,rvalentinhn@issuu.com,4/27/1972,235
637,Pincus Goold,Male,759-666-7716,pgooldho@last.fm,10/3/1976,919
638,Tove Gatland,Female,728-231-3299,tgatlandhp@indiegogo.com,3/30/1957,959
639,Evaleen Rayman,Female,513-760-4226,eraymanhq@tamu.edu,12/1/1987,781
640,Quintilla Tander,Female,228-603-2956,qtanderhr@mit.edu,12/14/1964,567
641,Berton Roze,Male,328-240-2240,brozehs@elegantthemes.com,2/4/1953,449
642,Josiah Sixsmith,Male,752-514-8909,jsixsmithht@marriott.com,1/18/1983,99
643,Ky Tames,Male,516-762-4283,ktameshu@netscape.com,5/27/1977,998
644,Blondelle Fennelow,Female,143-480-8764,bfennelowhv@elpais.com,1/29/1981,882
645,Ibby Currom,Female,162-505-6887,icurromhw@un.org,4/4/1975,915
646,Filmore Tooth,Male,518-336-7922,ftoothhx@moonfruit.com,4/4/1963,740
647,Adel Chelley,Female,870-758-5262,achelleyhy@economist.com,12/18/1988,967
648,Ardis Ludron,Female,771-290-3497,aludronhz@flickr.com,5/30/2000,693
649,Victor Blyden,Male,597-184-9376,vblydeni0@xrea.com,6/6/1977,598
650,Bibby Sturch,Female,771-780-5526,bsturchi1@thetimes.co.uk,12/1/1997,677
651,Pavel Nitto,Male,355-464-6982,pnittoi2@etsy.com,3/25/1960,378
652,Shepherd Seeking,Male,360-411-6613,sseekingi3@ebay.com,4/1/1966,50
653,Nealson Camocke,Male,959-878-0000,ncamockei4@youku.com,6/26/1970,564
654,Horton Olrenshaw,Male,166-377-6365,holrenshawi5@nydailynews.com,12/13/1956,142
655,Fax Desouza,Male,526-421-9587,fdesouzai6@paypal.com,8/11/1981,109
656,Poppy Swinbourne,Female,500-909-1534,pswinbournei7@nyu.edu,1/3/1952,416
657,Maryanne Idel,Female,863-805-1842,mideli8@ehow.com,3/23/1957,582
658,Pansy Laidler,Female,769-957-4452,plaidleri9@elpais.com,9/11/1955,830
659,Kevina Ingle,Female,951-172-6850,kingleia@mediafire.com,7/23/1972,803
660,Pat Melland,Male,139-834-1399,pmellandib@moonfruit.com,6/17/1956,934
661,Gayel Jerrams,Female,565-288-3880,gjerramsic@studiopress.com,2/26/1985,970
662,Rinaldo Kittman,Male,310-880-2693,rkittmanid@51.la,3/25/1971,531
663,Huntley Willmot,Male,241-736-7009,hwillmotie@webeden.co.uk,5/3/1959,785
664,Olag Timson,Male,915-837-6257,otimsonif@utexas.edu,5/20/1964,747
665,Fina Theodore,Female,813-664-2577,ftheodoreig@google.es,4/27/1958,836
666,Hadria Wallage,Female,611-855-4927,hwallageih@nih.gov,11/11/1958,285
667,Domeniga Coaten,Female,311-561-0472,dcoatenii@bluehost.com,10/1/1957,626
668,Donny Bathersby,Female,460-645-4143,dbathersbyij@nasa.gov,7/21/1984,12
669,Matteo Byars,Male,264-274-2708,mbyarsik@samsung.com,2/27/1997,605
670,Dominica Sepey,Female,742-179-3758,dsepeyil@trellian.com,6/20/1978,719
671,Maurie Akast,Male,215-633-5114,makastim@altervista.org,1/29/1974,271
672,Seward Enrrico,Male,381-989-9751,senrricoin@example.com,3/1/1953,255
673,Nathanial Lippitt,Male,859-258-1753,nlippittio@rambler.ru,12/24/1974,735
674,Lura Skittrell,Female,960-590-2423,lskittrellip@g.co,2/11/1980,469
675,Levey Magner,Male,391-386-9331,lmagneriq@smugmug.com,7/10/1973,929
676,Harrietta Bremmer,Female,340-493-3221,hbremmerir@gmpg.org,11/14/1950,234
677,Oralla Potticary,Female,646-902-2743,opotticaryis@sciencedaily.com,10/1/1988,721
678,Channa Bishell,Female,790-869-1951,cbishellit@wikispaces.com,12/7/2000,686
679,Georgie Fautly,Female,272-872-9334,gfautlyiu@thetimes.co.uk,11/28/1950,599
680,Martainn Sarfat,Male,811-391-0240,msarfativ@indiatimes.com,7/23/1985,670
681,Hugh Pree,Male,798-625-9869,hpreeiw@yandex.ru,4/29/1951,916
682,Shannon McLardie,Male,642-681-2446,smclardieix@time.com,4/10/1995,930
683,Constancy Wessing,Female,337-676-2937,cwessingiy@elpais.com,1/27/1963,233
684,Koral Costellow,Female,990-832-4139,kcostellowiz@google.com.hk,3/11/1977,604
685,Erminie McCarver,Female,926-234-0877,emccarverj0@reverbnation.com,5/4/1963,111
686,Justinn Robatham,Female,854-467-4154,jrobathamj1@disqus.com,7/31/1975,1
687,Olenka Brazur,Female,800-882-5188,obrazurj2@phoca.cz,6/24/2000,701
688,Harriette Adnams,Female,569-268-7263,hadnamsj3@huffingtonpost.com,11/26/1995,459
689,Angelle Chant,Female,629-103-6082,achantj4@ebay.com,4/5/1950,979
690,Otis Bratley,Male,540-468-7993,obratleyj5@cocolog-nifty.com,6/30/1989,962
691,Adel Anyon,Female,589-698-9394,aanyonj6@technorati.com,4/19/1986,138
692,Olag Shelley,Male,524-916-3418,oshelleyj7@cafepress.com,3/6/1991,54
693,Jilleen Cinnamond,Female,735-730-7788,jcinnamondj8@nyu.edu,11/10/1984,27
694,Morganne Lowndsborough,Female,778-401-8784,mlowndsboroughj9@dailymail.co.uk,2/15/1972,164
695,Avrom Curuclis,Male,126-796-4837,acuruclisja@noaa.gov,3/10/1972,157
696,Dionisio Estcourt,Male,604-389-9546,destcourtjb@vistaprint.com,7/20/1981,946
697,Nathan Faussett,Male,297-160-2151,nfaussettjc@adobe.com,9/22/1984,129
698,Granville Haill,Male,487-701-0145,ghailljd@amazon.co.jp,1/5/1980,666
699,Cosette Marcroft,Female,882-115-9133,cmarcroftje@marketwatch.com,10/23/1985,96
700,Eamon Ropert,Male,917-777-4813,eropertjf@creativecommons.org,8/18/1976,281
701,Asher Grigsby,Male,115-342-6010,agrigsbyjg@lycos.com,6/17/1966,681
702,Berty Blunn,Male,183-979-8446,bblunnjh@oaic.gov.au,9/24/1982,948
703,Toni Dinsell,Female,517-143-5145,tdinsellji@skyrock.com,4/25/1994,542
704,Rafferty Stag,Male,776-336-5945,rstagjj@nasa.gov,5/12/1952,381
705,Stefa Happel,Female,447-262-6913,shappeljk@apache.org,2/28/1990,399
706,Shalne Cass,Female,140-957-5016,scassjl@ucsd.edu,1/1/1970,889
707,Lynn Rounding,Male,866-533-6081,lroundingjm@techcrunch.com,4/29/1977,890
708,Herta Van Brug,Female,565-670-7474,hvanjn@nymag.com,4/30/1973,225
709,Paten Van,Male,563-611-6065,pvanjo@wordpress.com,12/25/1994,341
710,Sammie Francescuccio,Male,456-408-7321,sfrancescucciojp@google.ru,5/14/1997,651
711,Kaitlynn Restieaux,Female,661-653-8193,krestieauxjq@soup.io,7/5/1986,907
712,Isabella Huyghe,Female,385-145-2380,ihuyghejr@aboutads.info,10/8/1975,104
713,Aryn Tibbetts,Female,799-149-6429,atibbettsjs@instagram.com,8/21/1984,428
714,Elsbeth Garside,Female,879-465-8798,egarsidejt@mediafire.com,11/25/1962,91
715,Linc Tippett,Male,383-250-9366,ltippettju@reference.com,2/19/1967,166
716,Rica Cumber,Female,119-790-1733,rcumberjv@usnews.com,12/28/1962,679
717,Meris Joutapavicius,Female,306-837-4971,mjoutapaviciusjw@posterous.com,5/5/1972,7
718,Spencer Jekyll,Male,145-707-2890,sjekylljx@indiegogo.com,6/19/1953,231
719,Kailey Paraman,Female,676-401-4402,kparamanjy@scientificamerican.com,2/26/1989,690
720,Radcliffe Cusack,Male,265-951-2090,rcusackjz@ustream.tv,10/8/1973,9
721,Johnath Feragh,Female,673-617-5036,jferaghk0@sphinn.com,12/15/1990,15
722,Perry Culshew,Male,374-933-4477,pculshewk1@ask.com,11/23/1974,429
723,Petr Ginni,Male,955-960-2664,pginnik2@usatoday.com,6/22/1996,901
724,Gianni Simonite,Male,431-686-9117,gsimonitek3@cnn.com,8/17/1971,707
725,Hieronymus Lancett,Male,181-898-9849,hlancettk4@lycos.com,9/30/1975,480
726,Rubina Ayto,Female,949-625-2305,raytok5@google.ca,6/12/1975,821
727,Arvy Gronw,Male,854-706-4328,agronwk6@twitpic.com,1/4/1975,935
728,Wynnie Screaton,Female,647-693-6654,wscreatonk7@cbsnews.com,11/16/1967,823
729,Karlens Fantone,Male,564-783-8914,kfantonek8@accuweather.com,6/23/1963,67
730,Loutitia Sargent,Female,714-723-9149,lsargentk9@google.ru,6/5/1967,259
731,Flynn Permain,Male,313-987-0171,fpermainka@virginia.edu,8/1/1981,350
732,Orbadiah Harower,Male,687-162-8322,oharowerkb@amazon.de,4/11/1966,838
733,Verene Revett,Female,905-831-7515,vrevettkc@vistaprint.com,7/27/1972,902
734,Lilly Dalwood,Female,400-783-7408,ldalwoodkd@weather.com,3/5/1981,849
735,Felike Lennard,Male,640-608-3483,flennardke@deviantart.com,1/27/1998,41
736,Caesar Denk,Male,355-918-9378,cdenkkf@microsoft.com,4/13/1992,793
737,Stoddard Turl,Female,578-268-4725,sturlkg@ucsd.edu,3/19/1966,897
738,Alexine Bumby,Female,643-493-5150,abumbykh@archive.org,11/19/1982,649
739,Celina France,Female,404-833-0677,cfranceki@hibu.com,3/8/1977,600
740,Dixie Hehl,Female,196-643-2690,dhehlkj@amazon.co.uk,11/1/1985,75
741,Prentice Concannon,Male,882-434-2269,pconcannonkk@goo.gl,3/2/1960,643
742,Nefen Dalrymple,Male,205-249-6484,ndalrymplekl@ning.com,10/6/1985,179
743,Noe Degli Abbati,Male,512-947-6738,ndeglikm@angelfire.com,1/4/1978,321
744,Staford Radden,Male,222-900-0039,sraddenkn@state.tx.us,2/11/1971,738
745,Shandy Etches,Female,733-309-9419,setchesko@skype.com,8/20/1981,765
746,Flo Ubank,Female,788-643-5243,fubankkp@auda.org.au,6/23/1952,947
747,Terry Dace,Female,905-941-3331,tdacekq@weebly.com,9/11/1995,476
748,Silvano O'Cannan,Male,918-918-9203,socannankr@gnu.org,2/25/1981,322
749,Barn Birrel,Male,461-493-8827,bbirrelks@cisco.com,9/24/1950,941
750,Ariadne Joris,Female,374-729-2177,ajoriskt@php.net,6/5/1973,149
751,Kasey Gheeorghie,Female,832-925-6718,kgheeorghieku@dmoz.org,9/6/1951,854
752,Aleta Blader,Female,199-764-4714,abladerkv@netvibes.com,4/18/1956,944
753,Guillaume Gamblin,Male,497-602-8517,ggamblinkw@opera.com,7/11/1963,401
754,Alon Abethell,Male,458-597-6242,aabethellkx@livejournal.com,6/13/1979,831
755,Norris Knagges,Male,859-541-3300,nknaggesky@nymag.com,5/22/1990,116
756,Breanne Eastop,Female,783-500-3351,beastopkz@hc360.com,12/16/1998,728
757,Meredeth Grimsley,Male,262-942-4502,mgrimsleyl0@yellowpages.com,2/21/1953,628
758,Mord Sterley,Male,508-721-4123,msterleyl1@oaic.gov.au,9/30/1950,3
759,Ceciley Chastney,Female,717-681-8998,cchastneyl2@i2i.jp,9/14/1972,183
760,Risa Spraggs,Female,880-882-3587,rspraggsl3@phpbb.com,2/25/1994,985
761,Lemmy Squirrell,Male,571-265-3306,lsquirrelll4@npr.org,4/2/1975,914
762,Quintus Abeles,Male,283-324-4704,qabelesl5@nih.gov,6/26/1979,175
763,Jenilee Dixson,Female,994-171-6648,jdixsonl6@ehow.com,2/8/1980,240
764,Maribeth Collinwood,Female,305-160-1955,mcollinwoodl7@clickbank.net,7/15/1968,752
765,Ker Tolhurst,Male,438-985-5391,ktolhurstl8@gov.uk,3/11/1960,450
766,Reece Burwin,Male,617-689-7206,rburwinl9@bigcartel.com,3/11/1998,741
767,Franklyn Burwood,Male,509-476-0214,fburwoodla@seattletimes.com,9/18/1954,51
768,Valentine Delacourt,Male,562-491-8357,vdelacourtlb@rakuten.co.jp,1/2/1984,272
769,Chevy Gallehock,Male,852-762-2319,cgallehocklc@loc.gov,7/2/1960,637
770,Stern Coupe,Male,130-141-6120,scoupeld@wikipedia.org,1/30/1952,23
771,Hillel Piolli,Male,845-604-9138,hpiollile@apple.com,11/18/1978,954
772,Alexandro Mackrill,Male,490-745-3608,amackrilllf@qq.com,10/29/1982,877
773,Renell Koenen,Female,443-758-9268,rkoenenlg@livejournal.com,4/27/1975,673
774,Corbie Barukh,Male,638-296-6413,cbarukhlh@examiner.com,7/9/1998,868
775,Sid Huet,Male,563-671-8765,shuetli@bloomberg.com,11/7/1988,228
776,Der Wynn,Male,871-101-1131,dwynnlj@narod.ru,10/24/1980,749
777,Barthel Corneil,Male,228-879-2322,bcorneillk@va.gov,6/19/1953,885
778,Rodge Jennrich,Male,944-269-0784,rjennrichll@sphinn.com,11/9/1982,204
779,Nick Bellchamber,Male,580-988-6620,nbellchamberlm@state.gov,11/16/1963,710
780,Antonetta Carratt,Female,347-552-3146,acarrattln@bandcamp.com,8/16/1973,444
781,Natty Tanfield,Male,402-965-1754,ntanfieldlo@eepurl.com,9/21/1951,773
782,Malinde Linwood,Female,461-551-2746,mlinwoodlp@wiley.com,2/15/1956,201
783,Lauryn Grewer,Female,493-943-6841,lgrewerlq@sina.com.cn,5/14/1989,40
784,Andra Shugg,Female,973-888-2551,ashugglr@engadget.com,2/28/1972,16
785,Delinda Cosin,Female,724-940-7952,dcosinls@latimes.com,12/30/1999,447
786,Martyn Suston,Male,162-508-3297,msustonlt@netscape.com,5/12/1952,513
787,Goddard Priddy,Male,269-451-8780,gpriddylu@domainmarket.com,6/8/1963,85
788,Gardner Elloy,Male,758-646-7766,gelloylv@scientificamerican.com,7/2/1980,883
789,Delilah Wattam,Female,336-391-7942,dwattamlw@discuz.net,11/6/1964,848
790,Mareah MacDowall,Female,996-775-1222,mmacdowalllx@163.com,1/31/1952,181
791,Ginny Lornsen,Female,730-894-5087,glornsenly@technorati.com,5/25/1983,661
792,Tabbitha Espinet,Female,185-804-2134,tespinetlz@photobucket.com,6/2/1950,36
793,Barris Faithfull,Male,918-107-0181,bfaithfullm0@clickbank.net,9/22/1971,700
794,Karleen Etoile,Female,332-562-1837,ketoilem1@etsy.com,7/22/1970,314
795,Neilla Giannazzo,Female,549-503-3795,ngiannazzom2@sohu.com,9/24/1989,762
796,Carolyn Dedman,Female,604-938-2786,cdedmanm3@smugmug.com,9/12/1998,289
797,Northrup Yandell,Male,527-461-1548,nyandellm4@fastcompany.com,6/25/1967,170
798,Fabian Betser,Male,265-462-2238,fbetserm5@cdbaby.com,9/13/1974,118
799,Ammamaria Lovell,Female,526-568-4667,alovellm6@baidu.com,12/2/1981,684
800,Ewart Polendine,Male,714-973-6886,epolendinem7@techcrunch.com,1/10/1979,244
801,Marlyn Cowe,Female,755-167-5167,mcowem8@wikimedia.org,9/1/1982,682
802,Saba Farron,Female,499-599-0338,sfarronm9@mail.ru,8/3/1978,624
803,Robby Bernardinelli,Female,483-621-3613,rbernardinellima@mapy.cz,3/13/1998,291
804,Winona Connolly,Female,263-603-2296,wconnollymb@nps.gov,2/17/1978,600
805,Jozef Tuminelli,Male,656-200-9940,jtuminellimc@shop-pro.jp,2/13/1971,187
806,Lonny Claus,Male,569-888-3217,lclausmd@nba.com,4/13/1992,235
807,Flossi Tugwell,Female,643-257-8744,ftugwellme@geocities.jp,2/26/1998,721
808,Yorgo Ladbrook,Male,575-887-1715,yladbrookmf@google.nl,12/21/1978,920
809,Francklyn Klimus,Male,494-440-0447,fklimusmg@techcrunch.com,4/5/1959,540
810,Ted Heinig,Male,780-925-0792,theinigmh@wikispaces.com,7/5/1972,688
811,Malorie Matherson,Female,110-949-3801,mmathersonmi@digg.com,4/19/1961,848
812,Wake Ortelt,Male,519-616-3270,worteltmj@php.net,2/15/1952,771
813,Ware Burdoun,Male,367-187-2845,wburdounmk@wikipedia.org,6/23/1993,197
814,Desi Eddicott,Male,443-316-4071,deddicottml@hexun.com,6/16/1982,466
815,Sterling Prowting,Male,362-312-1993,sprowtingmm@whitehouse.gov,10/3/1991,248
816,Carly Mordon,Female,274-330-3614,cmordonmn@dailymotion.com,4/22/1954,303
817,Cherey Fisbey,Female,606-251-7422,cfisbeymo@bigcartel.com,8/2/1958,497
818,Shalna Mendes,Female,320-111-3361,smendesmp@fda.gov,2/25/2000,145
819,Hadleigh Petersen,Male,799-571-8774,hpetersenmq@dot.gov,7/16/1973,48
820,Creight de Quincey,Male,330-617-7851,cdemr@bluehost.com,3/20/1958,131
821,Humfried Hallwell,Male,215-306-8206,hhallwellms@tripadvisor.com,10/2/1957,469
822,Derick Bednell,Male,631-243-1291,dbednellmt@feedburner.com,4/18/1996,853
823,Devora Garron,Female,480-583-5496,dgarronmu@ucsd.edu,6/18/1988,34
824,Kermie Madeley,Male,620-947-5732,kmadeleymv@google.com.br,12/20/1997,102
825,Weidar Blythe,Male,115-101-1165,wblythemw@who.int,3/15/1967,54
826,Skye Lorraway,Male,798-610-4645,slorrawaymx@list-manage.com,2/14/1958,727
827,Cassie Atlee,Female,428-879-6856,catleemy@engadget.com,9/4/1977,890
828,Silvan Suerz,Male,466-629-3101,ssuerzmz@51.la,9/4/1951,981
829,Jervis Tomadoni,Male,785-580-9831,jtomadonin0@hibu.com,2/16/1997,394
830,Jean Kivelle,Female,322-796-3255,jkivellen1@mozilla.com,4/23/1974,963
831,Tamarah Greswell,Female,499-345-6745,tgreswelln2@xrea.com,12/12/1966,189
832,Mildred Sline,Female,643-626-8111,mslinen3@reddit.com,5/14/1952,482
833,Moses Rowston,Male,819-379-7046,mrowstonn4@imdb.com,1/1/1971,349
834,Fanchon Bensen,Female,296-863-3412,fbensenn5@accuweather.com,12/22/1994,207
835,Car Duberry,Male,893-401-1281,cduberryn6@blogspot.com,3/18/1963,629
836,Kippar Trewinnard,Male,209-354-3390,ktrewinnardn7@usatoday.com,1/7/1958,32
837,Jean Rawls,Male,892-238-5606,jrawlsn8@qq.com,4/28/1985,687
838,Erhard Couvert,Male,640-329-0514,ecouvertn9@marketwatch.com,5/18/1965,652
839,Andie Bloggett,Male,761-571-5895,abloggettna@comsenz.com,5/11/1978,41
840,Fitz Rosenau,Male,870-141-7611,frosenaunb@mysql.com,12/12/1994,785
841,Magnum Hrihorovich,Male,195-663-4281,mhrihorovichnc@technorati.com,12/20/1968,967
842,Christel Bartke,Female,626-146-2605,cbartkend@flickr.com,9/28/1980,335
843,Brittni Offiler,Female,896-693-0086,boffilerne@reference.com,8/9/1953,387
844,Martica Krolak,Female,261-551-3651,mkrolaknf@sun.com,3/5/1968,435
845,Kristine Vitall,Female,949-449-7587,kvitallng@blog.com,4/22/1965,477
846,Nichols Tapscott,Male,847-846-0699,ntapscottnh@taobao.com,1/14/1986,524
847,Rosalinda Carlsson,Female,918-786-0137,rcarlssonni@google.es,5/6/1984,274
848,Aldric Olliar,Male,785-709-3221,aolliarnj@businessweek.com,10/27/1993,313
849,Javier Halbard,Male,198-634-4449,jhalbardnk@constantcontact.com,10/10/1959,607
850,Michaelina Shovelin,Female,158-783-0157,mshovelinnl@google.com.au,9/9/1966,612
851,Nikita Deroche,Male,289-521-1938,nderochenm@infoseek.co.jp,10/30/2000,672
852,Garvin Ansty,Male,486-671-5949,ganstynn@ihg.com,10/24/1958,136
853,Jen Tattam,Female,968-797-7818,jtattamno@spiegel.de,11/10/1972,414
854,Lucie Meineken,Female,354-497-1843,lmeinekennp@census.gov,6/5/1989,627
855,Silas Blunsen,Male,894-543-5146,sblunsennq@hhs.gov,7/27/1970,509
856,Bellina Ragg,Female,587-245-6096,braggnr@usa.gov,1/30/1989,222
857,Blondie Dunmore,Female,758-163-5896,bdunmorens@bloomberg.com,5/24/1987,938
858,Faun McNeice,Female,891-986-3020,fmcneicent@4shared.com,11/30/1992,59
859,Nealon Warstall,Male,652-586-1810,nwarstallnu@cdc.gov,3/17/1952,16
860,Candida Folomkin,Female,557-364-8811,cfolomkinnv@google.ca,12/23/2000,545
861,Noni Sivills,Female,302-837-1850,nsivillsnw@state.tx.us,8/27/1969,381
862,Raffarty MacAnelley,Male,312-785-9366,rmacanelleynx@deviantart.com,2/9/1956,467
863,Elizabet Janicijevic,Female,283-738-1958,ejanicijevicny@buzzfeed.com,3/24/1950,475
864,Alysia Gutowski,Female,728-470-8605,agutowskinz@adobe.com,3/7/1986,91
865,Blinny Bollen,Female,872-815-6628,bbolleno0@reverbnation.com,3/18/1999,272
866,Amargo Hains,Female,902-597-6686,ahainso1@aol.com,9/11/1952,712
867,Tobie Mackstead,Male,120-758-4134,tmacksteado2@youku.com,5/11/1962,732
868,Quincy Wyburn,Male,628-884-3547,qwyburno3@bbb.org,10/2/1964,481
869,Josiah Rickaert,Male,565-685-6230,jrickaerto4@globo.com,4/22/1983,931
870,Dill Ortells,Male,407-868-6578,dortellso5@intel.com,8/18/1977,915
871,Vinni Cowpland,Female,568-281-7336,vcowplando6@mozilla.com,12/21/1984,909
872,Marilin Ouslem,Female,950-639-8945,mouslemo7@oracle.com,9/24/1966,537
873,Kimberly Burnel,Female,525-166-8006,kburnelo8@surveymonkey.com,2/2/1995,932
874,Caryl Weatherley,Female,610-458-5212,cweatherleyo9@hugedomains.com,4/22/1990,577
875,Basil Gladdin,Male,362-389-0945,bgladdinoa@gravatar.com,2/28/1950,635
876,Courtnay Wright,Female,825-840-0995,cwrightob@slashdot.org,6/28/1962,776
877,Xylina Graser,Female,289-231-7424,xgraseroc@oaic.gov.au,6/12/1962,283
878,Clem Folan,Female,270-724-3043,cfolanod@nymag.com,12/29/1999,252
879,Aloysius Di Filippo,Male,891-491-7301,adioe@cdc.gov,4/6/1990,705
880,Ermentrude Ratie,Female,225-337-1471,eratieof@mapquest.com,7/2/1994,983
881,Dud Filpo,Male,828-709-9168,dfilpoog@home.pl,1/9/1964,143
882,Nara Nunnerley,Female,123-988-0780,nnunnerleyoh@edublogs.org,1/14/1976,339
883,Marji Headrick,Female,156-907-1175,mheadrickoi@icio.us,4/10/1964,269
884,Lucy Schmuhl,Female,689-200-9196,lschmuhloj@marketwatch.com,7/17/1961,604
885,Elsy Churches,Female,802-759-0302,echurchesok@mashable.com,7/30/1985,784
886,Gabriell Mundall,Female,671-793-9158,gmundallol@seattletimes.com,8/7/1982,47
887,Umberto Behnecke,Male,338-154-2533,ubehneckeom@cmu.edu,4/8/1987,299
888,Adriano Vigors,Male,192-448-8017,avigorson@feedburner.com,10/19/1983,98
889,Dwayne Kemmons,Male,505-452-1778,dkemmonsoo@pbs.org,11/11/1996,401
890,Danit Waterfall,Female,528-496-8892,dwaterfallop@hibu.com,10/21/1975,361
891,Beauregard Eick,Male,334-280-4248,beickoq@yellowbook.com,9/28/1985,682
892,Abeu Madine,Male,902-920-6957,amadineor@theguardian.com,9/22/1998,168
893,Fitz Pache,Male,647-198-8367,fpacheos@japanpost.jp,4/4/2000,990
894,Kele Philpott,Male,562-635-4213,kphilpottot@mit.edu,4/6/1993,76
895,Nona Minter,Female,409-921-4846,nminterou@microsoft.com,10/22/1952,970
896,Jourdan Roubeix,Female,779-477-8156,jroubeixov@tripadvisor.com,3/29/1970,625
897,Collen Goldring,Female,448-331-6934,cgoldringow@soundcloud.com,8/24/1978,251
898,Augusto Monelle,Male,528-850-9871,amonelleox@live.com,9/3/1970,377
899,Abba Kybert,Male,308-496-6263,akybertoy@prweb.com,5/22/1967,188
900,Clarance Tooke,Male,561-477-8709,ctookeoz@plala.or.jp,9/7/1955,768
901,Ernestine Pech,Female,932-843-3373,epechp0@whitehouse.gov,6/7/1962,851
902,Shawnee Cortese,Female,729-402-5219,scortesep1@linkedin.com,9/28/1977,362
903,Gay Carass,Male,852-790-0085,gcarassp2@51.la,2/23/1965,946
904,Nani Merriman,Female,375-282-5423,nmerrimanp3@ucoz.ru,7/11/1972,11
905,Frank McMichan,Male,201-695-3333,fmcmichanp4@chicagotribune.com,9/11/1969,8
906,Dane Brocklesby,Male,361-540-9934,dbrocklesbyp5@constantcontact.com,11/6/1997,162
907,Karyn Eudall,Female,220-444-5821,keudallp6@mozilla.com,5/25/2000,805
908,Beverley Harrowell,Female,566-859-4925,bharrowellp7@home.pl,10/27/1952,21
909,Vanda Cesco,Female,584-946-8746,vcescop8@hao123.com,8/20/1973,363
910,Drew Pickavance,Male,189-496-8658,dpickavancep9@upenn.edu,8/22/1967,212
911,Godfry Vivash,Male,920-282-7036,gvivashpa@abc.net.au,9/25/1961,533
912,Packston Langland,Male,824-400-6228,planglandpb@mit.edu,3/1/1991,849
913,Jobey Batchellor,Female,712-403-4805,jbatchellorpc@google.cn,7/4/1993,950
914,Luci Kornas,Female,292-729-7267,lkornaspd@digg.com,9/22/1968,106
915,Esme Mettericke,Female,836-819-3835,emetterickepe@cloudflare.com,12/2/1965,626
916,Emlyn Ravenhills,Female,876-555-7452,eravenhillspf@google.com.au,9/2/1982,295
917,Beverlie Rickeard,Female,595-494-2339,brickeardpg@apache.org,11/15/1964,663
918,Les Drage,Male,571-949-8527,ldrageph@unesco.org,6/30/1950,535
919,Erika Seavers,Female,178-953-8352,eseaverspi@state.gov,5/15/1993,400
920,Irma Dakhno,Female,317-880-6177,idakhnopj@yellowpages.com,11/29/1957,128
921,Tera Wigmore,Female,957-440-3870,twigmorepk@diigo.com,9/8/1954,346
922,Dana Goodier,Female,457-711-1447,dgoodierpl@boston.com,7/29/1951,360
923,Sandi Kirke,Female,926-225-8941,skirkepm@shinystat.com,6/18/1985,450
924,Carmencita Gannan,Female,592-396-0510,cgannanpn@goodreads.com,8/10/1989,691
925,Fancy Fraczkiewicz,Female,791-333-9141,ffraczkiewiczpo@squarespace.com,11/5/2000,391
926,Blanche Blamey,Female,438-211-7407,bblameypp@statcounter.com,7/2/1985,710
927,Ethelred Croom,Male,807-445-3167,ecroompq@sitemeter.com,8/14/1975,156
928,Alwyn Spawton,Male,291-258-7459,aspawtonpr@google.cn,6/20/1974,484
929,Morris Conor,Male,975-226-5758,mconorps@blogger.com,1/21/1991,64
930,Osbourne Villa,Male,261-256-6993,ovillapt@blinklist.com,5/22/1969,852
931,Delbert Aleavy,Male,127-893-8637,daleavypu@weebly.com,9/30/1969,594
932,Sacha Ralston,Female,321-902-4979,sralstonpv@naver.com,3/5/1996,63
933,Elia Waddy,Male,942-875-3757,ewaddypw@hibu.com,12/17/1953,770
934,Darb Pettiford,Female,486-333-3947,dpettifordpx@storify.com,3/15/1978,487
935,Kirby Diss,Female,582-426-4012,kdisspy@washingtonpost.com,10/20/1984,514
936,Nanete Barby,Female,422-491-6255,nbarbypz@illinois.edu,4/24/1984,273
937,Monika Brokenshaw,Female,499-442-1856,mbrokenshawq0@nationalgeographic.com,3/19/1964,738
938,Gisela Larciere,Female,303-489-0576,glarciereq1@globo.com,10/9/1997,287
939,Maryellen Schelle,Female,944-471-1451,mschelleq2@ifeng.com,4/12/1989,733
940,Ramonda Gurley,Female,816-136-4218,rgurleyq3@salon.com,7/14/2000,36
941,Thibaud Kittel,Male,114-329-3418,tkittelq4@skyrock.com,9/14/1994,490
942,Oralia Topliss,Female,413-410-7496,otoplissq5@unicef.org,7/18/1956,65
943,Whitby Chater,Male,964-182-2865,wchaterq6@wikispaces.com,2/8/1954,426
944,Branden McCombe,Male,584-284-9694,bmccombeq7@edublogs.org,6/19/1975,191
945,Worden Shelper,Male,705-639-6704,wshelperq8@liveinternet.ru,2/14/1996,865
946,Tandie McCurry,Female,776-696-9541,tmccurryq9@whitehouse.gov,1/24/1958,513
947,Annabell Skryne,Female,305-696-0319,askryneqa@blogspot.com,1/19/1984,729
948,Nertie Apperley,Female,517-328-1283,napperleyqb@weebly.com,6/19/1980,699
949,Demetre Brabham,Male,437-321-5798,dbrabhamqc@usatoday.com,1/24/1971,204
950,Rand McLleese,Male,932-913-8421,rmclleeseqd@patch.com,4/14/1998,608
951,Arturo Bulger,Male,814-749-0443,abulgerqe@weather.com,1/13/1987,678
952,Gabi Balbeck,Male,721-863-9189,gbalbeckqf@slate.com,2/23/1958,312
953,Laverna Eagell,Female,358-204-0457,leagellqg@goo.ne.jp,5/28/1982,109
954,Annelise Nurdin,Female,104-536-0905,anurdinqh@usatoday.com,12/10/1988,70
955,Tymothy Prene,Male,365-486-9808,tpreneqi@hhs.gov,8/20/1985,473
956,Gallard McMeekan,Male,261-985-0195,gmcmeekanqj@mapy.cz,3/21/1950,579
957,Deloris McAsgill,Female,877-433-4304,dmcasgillqk@princeton.edu,11/5/1998,221
958,Fredericka Weakley,Female,763-777-6412,fweakleyql@about.me,5/20/1972,754
959,Ronica Ismead,Female,806-196-2314,rismeadqm@ucoz.ru,2/9/2000,717
960,Linoel Jerosch,Male,711-567-1222,ljeroschqn@liveinternet.ru,1/2/1971,664
961,Elka Babst,Female,730-877-4780,ebabstqo@earthlink.net,11/17/1952,716
962,Lemmy Goligher,Male,386-852-1659,lgoligherqp@geocities.com,2/2/1990,448
963,Hollie Allcott,Female,413-394-9113,hallcottqq@odnoklassniki.ru,7/25/2000,438
964,Bethena Pyott,Female,577-137-4133,bpyottqr@usatoday.com,2/4/1997,707
965,Davidde Flynn,Male,916-561-2117,dflynnqs@rakuten.co.jp,2/6/1954,371
966,Gordon Dell Casa,Male,551-591-9899,gdellqt@nature.com,6/20/1950,419
967,Homer Coathup,Male,727-431-8999,hcoathupqu@netvibes.com,12/9/1991,40
968,Barbie Marioneau,Female,999-675-0033,bmarioneauqv@scribd.com,1/14/1995,267
969,Renado Deverille,Male,982-236-3102,rdeverilleqw@ted.com,9/29/1975,986
970,Didi McFadyen,Female,271-972-4083,dmcfadyenqx@home.pl,1/21/1964,835
971,Vania Upham,Female,328-317-7438,vuphamqy@slate.com,8/25/1961,75
972,Kurt Thews,Male,136-194-8304,kthewsqz@youku.com,7/7/1981,571
973,Druci Rangeley,Female,633-575-3022,drangeleyr0@youtu.be,11/21/1987,165
974,Viva Hursey,Female,503-183-3115,vhurseyr1@chron.com,2/10/1979,837
975,Misty Scarsbrooke,Female,561-543-0386,mscarsbrooker2@loc.gov,8/18/1978,863
976,Lonnard Schwieso,Male,153-721-4589,lschwiesor3@blog.com,10/27/1985,708
977,Alysia Juzek,Female,840-567-3234,ajuzekr4@ox.ac.uk,5/30/1994,906
978,Roley Pentland,Male,572-467-5610,rpentlandr5@tinyurl.com,7/20/1984,496
979,Rozanne Colomb,Female,244-924-3069,rcolombr6@bbb.org,7/3/1957,713
980,Culley Mc Corley,Male,373-582-1065,cmcr7@shop-pro.jp,12/6/1959,336
981,Rhys Spaldin,Male,354-989-0186,rspaldinr8@sciencedaily.com,11/18/1967,12
982,Karalynn Bownde,Female,731-843-3538,kbownder9@accuweather.com,9/19/1971,561
983,Atlante Goggan,Female,161-603-9307,agogganra@odnoklassniki.ru,1/12/1957,834
984,Enrika McGivena,Female,645-810-2665,emcgivenarb@java.com,11/14/1994,193
985,Harman Breakey,Male,860-355-2778,hbreakeyrc@about.me,8/17/1956,866
986,Sigvard MacCoveney,Male,714-219-6915,smaccoveneyrd@mozilla.org,12/3/1974,979
987,Isobel Berick,Female,468-534-0617,iberickre@webeden.co.uk,4/23/1966,827
988,Rae Efford,Female,112-922-3573,reffordrf@europa.eu,8/19/1988,562
989,Dennison Raulin,Male,882-954-4879,draulinrg@sfgate.com,12/23/1991,737
990,Carlo Trevillion,Male,326-648-1479,ctrevillionrh@hao123.com,10/10/1967,977
991,Tally Feighry,Male,946-280-7750,tfeighryri@sciencedirect.com,8/20/1957,46
992,Jillian Savil,Female,811-979-9724,jsavilrj@wikia.com,1/19/1968,333
993,Herculie Lerven,Male,621-224-8623,hlervenrk@businessweek.com,2/1/1979,130
994,Lawton Westphalen,Male,116-416-0484,lwestphalenrl@shutterfly.com,5/20/1962,330
995,Gwenny Olland,Female,615-719-7192,gollandrm@elegantthemes.com,1/12/1968,418
996,Nadya Bampfield,Female,254-367-8219,nbampfieldrn@alibaba.com,3/8/1990,507
997,Erasmus Tapenden,Male,951-921-5118,etapendenro@webeden.co.uk,3/29/1965,486
998,Shelley Giacovelli,Male,459-703-9755,sgiacovellirp@domainmarket.com,7/5/1981,257
999,Crystie Tomes,Female,310-754-3884,ctomesrq@amazon.com,8/8/1978,673
1000,Robenia Blackeby,Female,758-874-0506,rblackebyrr@ovh.net,3/22/2000,880
1001,Sim Chasemoore,Male,843-336-5889,schasemoore0@mit.edu,12/17/1986,1163
1002,Dion Maffulli,Female,920-314-6898,dmaffulli1@cnn.com,1/16/1960,1162
1003,Wendell Callen,Male,380-800-8267,wcallen2@icq.com,6/21/1990,1128
1004,Ashia Jakubovicz,Female,453-227-6700,ajakubovicz3@newyorker.com,11/23/1974,1060
1005,Foster Haggett,Male,834-253-4029,fhaggett4@symantec.com,6/14/1989,1173
1006,Anetta Sextie,Female,828-703-5000,asextie5@nih.gov,11/15/1956,1145
1007,Melisse Ruspine,Female,974-115-4403,mruspine6@ed.gov,10/14/1981,1009
1008,Esteban Yeatman,Male,904-516-8342,eyeatman7@un.org,10/9/1955,1016
1009,Jammie Pittel,Female,860-853-3012,jpittel8@techcrunch.com,8/24/1991,1178
1010,Lark Divell,Female,450-546-0000,ldivell9@facebook.com,12/8/1961,1191
1011,Burnaby Bowshire,Male,100-791-4519,bbowshirea@vistaprint.com,12/19/1953,1132
1012,Max Thurstan,Female,619-865-1053,mthurstanb@xing.com,7/25/1956,1005
1013,Gifford Hellsdon,Male,152-577-9110,ghellsdonc@buzzfeed.com,3/19/1985,1120
1014,Ynes Edinboro,Female,918-331-1913,yedinborod@shutterfly.com,11/13/1983,1136
1015,Spence Couzens,Male,477-200-6748,scouzense@intel.com,4/27/1990,1160
1016,Kynthia Filchagin,Female,290-732-0367,kfilchaginf@com.com,1/28/1964,1002
1017,Courtnay Pittock,Male,646-332-0501,cpittockg@elegantthemes.com,3/29/1972,1175
1018,Natala Measor,Female,253-972-9110,nmeasorh@netlog.com,3/15/1996,1091
1019,Hilda Hanretty,Female,967-501-7769,hhanrettyi@toplist.cz,5/12/1960,1080
1020,Bernie Boundley,Female,236-351-5819,bboundleyj@reddit.com,5/20/1956,1166
1021,Bette Close,Female,789-170-7848,bclosek@hatena.ne.jp,5/9/1996,1182
1022,Cchaddie Dilston,Male,225-848-0703,cdilstonl@google.co.jp,12/17/1971,1198
1023,Leona Suerz,Female,764-774-4223,lsuerzm@sogou.com,8/19/1973,1099
1024,Aloysia Board,Female,757-269-6722,aboardn@gnu.org,2/17/1979,1022
1025,Hannah Tregaskis,Female,807-698-2049,htregaskiso@webnode.com,2/1/1972,1076
1026,Alexia Eyckelbeck,Female,413-733-6348,aeyckelbeckp@ucsd.edu,11/26/1989,1001
1027,Diann Edelheid,Female,156-183-2030,dedelheidq@so-net.ne.jp,7/20/1951,1031
1028,Katlin Corstorphine,Female,463-558-2253,kcorstorphiner@sfgate.com,5/17/1955,1192
1029,Yanaton Atkinson,Male,176-752-0155,yatkinsons@virginia.edu,12/19/1990,1127
1030,Stevena Dunthorne,Female,717-358-3291,sdunthornet@bravesites.com,5/16/1987,1032
1031,Albie Menault,Male,363-455-7595,amenaultu@craigslist.org,8/15/1950,1123
1032,Cordelie Blann,Female,901-308-6676,cblannv@xinhuanet.com,2/11/1975,1109
1033,Geri Robb,Male,387-859-8442,grobbw@youku.com,11/12/1965,1129
1034,Talbot MacNelly,Male,723-330-2861,tmacnellyx@buzzfeed.com,3/3/1955,1024
1035,Den Ginnety,Male,387-526-8856,dginnetyy@cdbaby.com,10/4/1973,1124
1036,Clemmy Bourdon,Male,382-173-5354,cbourdonz@devhub.com,9/12/1975,1135
1037,Kassia Giorgione,Female,561-375-3451,kgiorgione10@skyrock.com,2/17/1974,1199
1038,Ephrayim Sisse,Male,547-583-4527,esisse11@over-blog.com,6/12/1990,1074
1039,Tessa Winscomb,Female,807-912-7637,twinscomb12@businessweek.com,10/21/1997,1051
1040,Emelita Powell,Female,263-148-4423,epowell13@washington.edu,9/17/1959,1037
1041,Russell Godrich,Male,969-159-1721,rgodrich14@flickr.com,7/16/1952,1138
1042,Joellyn Notley,Female,623-637-7528,jnotley15@dagondesign.com,7/19/1993,1105
1043,Ruy Cotgrave,Male,465-778-2883,rcotgrave16@digg.com,1/11/1995,1181
1044,Vinni Franck,Female,536-301-9358,vfranck17@trellian.com,10/31/1959,1114
1045,Catha Prebble,Female,527-681-9828,cprebble18@dagondesign.com,1/22/1959,1075
1046,Ferrell Marielle,Male,235-511-8989,fmarielle19@blogspot.com,3/1/1982,1078
1047,Isadora Sondon,Female,377-201-6611,isondon1a@ca.gov,9/16/1995,1171
1048,Sunny Meade,Female,817-591-9779,smeade1b@bigcartel.com,5/21/1970,1156
1049,Kippie Simecek,Female,453-533-6673,ksimecek1c@unesco.org,2/26/1977,1158
1050,Elton Divisek,Male,274-134-5469,edivisek1d@omniture.com,8/5/1955,1011
1051,Karlotta Leopold,Female,979-429-6533,kleopold1e@printfriendly.com,1/13/1978,1092
1052,York Armstead,Male,212-379-7355,yarmstead1f@reuters.com,1/9/1960,1157
1053,Onofredo Pischel,Male,202-536-9882,opischel1g@house.gov,5/2/1966,1071
1054,Emlyn Hubbert,Male,302-973-7773,ehubbert1h@bloglines.com,3/20/1968,1118
1055,Coleman Inglis,Male,195-138-8050,cinglis1i@purevolume.com,9/8/1952,1115
1056,Montague Dorwood,Male,364-695-5559,mdorwood1j@nationalgeographic.com,7/12/1992,1103
1057,Faunie Flint,Female,328-693-5752,fflint1k@cyberchimps.com,4/11/1958,1185
1058,Bert Skerm,Female,906-568-0287,bskerm1l@unc.edu,6/13/1998,1161
1059,Gradey Meffin,Male,454-406-5188,gmeffin1m@list-manage.com,4/21/1963,1098
1060,Aurelia Devonshire,Female,409-770-0303,adevonshire1n@amazon.co.uk,6/7/1977,1082
1061,Ward Norsworthy,Male,464-564-6629,wnorsworthy1o@a8.net,9/17/1994,1014
1062,Curcio Hofton,Male,733-950-1068,chofton1p@hhs.gov,2/11/1965,1187
1063,Concordia Gery,Female,176-970-6796,cgery1q@storify.com,2/29/1992,1140
1064,Morton Calyton,Male,368-138-1694,mcalyton1r@census.gov,12/11/1952,1061
1065,Indira Dearn,Female,991-394-9158,idearn1s@shop-pro.jp,8/3/1991,1035
1066,Judon Redhills,Male,604-576-0567,jredhills1t@sun.com,8/27/1987,1144
1067,Karon Tailby,Female,691-953-6966,ktailby1u@netlog.com,9/23/2000,1057
1068,Aila Casterot,Female,857-445-6173,acasterot1v@sfgate.com,12/29/1989,1006
1069,Dulcy MacColl,Female,611-754-9062,dmaccoll1w@msu.edu,5/26/1976,1034
1070,Amelia Bolding,Female,113-674-9642,abolding1x@ihg.com,5/13/1998,1068
1071,Caresa Dooler,Female,600-119-8180,cdooler1y@bloglovin.com,5/3/1969,1168
1072,Trumann Apple,Male,140-327-0642,tapple1z@github.io,11/5/1973,1087
1073,Jenny Baythorp,Female,723-202-6222,jbaythorp20@amazon.de,10/7/1989,1183
1074,Ofella Chominski,Female,149-614-5366,ochominski21@google.com.au,2/10/1950,1165
1075,Eveleen Crowdy,Female,388-100-9915,ecrowdy22@guardian.co.uk,6/8/1950,1167
1076,Krisha Siaspinski,Male,496-855-0283,ksiaspinski23@msu.edu,2/5/1971,1126
1077,Chastity Ritson,Female,222-291-6527,critson24@uol.com.br,11/27/1989,1131
1078,Roanne Ondrasek,Female,614-872-5122,rondrasek25@hexun.com,2/9/1974,1049
1079,Findlay Aries,Male,253-244-7382,faries26@storify.com,5/7/1966,1150
1080,Horst McDougal,Male,986-387-1076,hmcdougal27@youtube.com,6/10/1982,1029
1081,Lanie Nears,Male,932-287-2417,lnears28@shop-pro.jp,7/25/1973,1030
1082,Kirbie Harragin,Female,364-682-4711,kharragin29@psu.edu,3/9/1988,1004
1083,Ced Dineges,Male,660-250-6410,cdineges2a@virginia.edu,3/7/1962,1141
1084,Pearle Tetlow,Female,106-386-1601,ptetlow2b@bloglovin.com,8/30/1965,1174
1085,Nehemiah Critzen,Male,468-799-1944,ncritzen2c@squidoo.com,4/19/1962,1130
1086,Orson Bonnett,Male,438-718-4893,obonnett2d@nsw.gov.au,7/9/1985,1169
1087,Ursula Dessant,Female,349-785-3107,udessant2e@webmd.com,12/28/2000,1102
1088,Devan Jewise,Female,123-197-6367,djewise2f@sourceforge.net,9/14/1979,1025
1089,Abigael Tieman,Female,836-691-2625,atieman2g@webeden.co.uk,2/20/1951,1147
1090,Urbano Heino,Male,723-859-1813,uheino2h@opera.com,11/30/1985,1052
1091,Jacky Brookes,Female,729-878-8202,jbrookes2i@cargocollective.com,4/30/1984,1172
1092,Herbert Mayman,Male,474-778-1505,hmayman2j@go.com,10/14/1961,1148
1093,Nevins Britto,Male,532-365-8701,nbritto2k@printfriendly.com,4/21/1984,1038
1094,Jill Doogood,Female,636-342-1364,jdoogood2l@123-reg.co.uk,4/19/1979,1090
1095,Micheil Simeoli,Male,521-497-4300,msimeoli2m@ft.com,9/26/1976,1195
1096,Roselle Ciobotaru,Female,307-116-7979,rciobotaru2n@hatena.ne.jp,12/10/1956,1056
1097,Maxy Cornborough,Female,314-592-4658,mcornborough2o@harvard.edu,10/25/1991,1023
1098,Breanne Aves,Female,239-826-0801,baves2p@wordpress.org,3/15/1967,1180
1099,Shaun Ugolotti,Male,638-720-9451,sugolotti2q@wikia.com,9/20/1953,1110
1100,Melantha Curdell,Female,736-433-7580,mcurdell2r@ted.com,7/20/1981,1108
1101,Rubina Figger,Female,429-669-8023,rfigger2s@sina.com.cn,7/26/1957,1046
1102,Gerick Hyland,Male,768-517-7550,ghyland2t@ycombinator.com,7/7/1964,1085
1103,Mitchel Woolley,Male,910-861-5771,mwoolley2u@github.com,3/31/1965,1019
1104,Caitrin Scriven,Female,546-230-1115,cscriven2v@adobe.com,10/19/1957,1170
1105,Avictor Sanja,Male,774-456-0999,asanja2w@rakuten.co.jp,1/21/1990,1026
1106,Hana Aldins,Female,319-439-2631,haldins2x@wikimedia.org,12/15/1988,1112
1107,Daniella Ilewicz,Female,767-247-7233,dilewicz2y@patch.com,5/19/1981,1189
1108,Nathaniel Shires,Male,596-572-4960,nshires2z@thetimes.co.uk,12/26/1995,1096
1109,Lesli Falconer-Taylor,Female,354-731-8297,lfalconertaylor30@twitpic.com,10/29/1987,1041
1110,Cal Ambrosoli,Female,453-360-8360,cambrosoli31@technorati.com,2/9/1993,1116
1111,Sosanna Parmby,Female,742-482-2899,sparmby32@i2i.jp,5/8/1978,1021
1112,Irwinn Fortescue,Male,907-443-8625,ifortescue33@forbes.com,7/19/1996,1028
1113,Terrell O' Finan,Male,907-560-8479,to34@youku.com,11/19/1987,1093
1114,Berkley Landal,Male,197-500-0357,blandal35@list-manage.com,9/23/1979,1081
1115,Claudelle Harnes,Female,772-849-0262,charnes36@tmall.com,8/21/1993,1059
1116,Wiley Viggars,Male,520-683-8241,wviggars37@pagesperso-orange.fr,9/11/1999,1027
1117,Joya Raubheim,Female,973-123-4842,jraubheim38@google.es,9/12/1958,1043
1118,Christina Leckie,Female,691-890-2172,cleckie39@npr.org,3/18/1959,1111
1119,Sherlock Murby,Male,354-474-8937,smurby3a@typepad.com,9/2/1952,1117
1120,Lexy Drife,Female,723-331-2852,ldrife3b@1und1.de,7/14/1967,1194
1121,Annamarie Scantlebury,Female,245-910-4061,ascantlebury3c@exblog.jp,10/8/1950,1088
1122,Fiann Ashall,Female,862-149-5547,fashall3d@tiny.cc,1/4/1964,1012
1123,Hazlett Wickendon,Male,792-949-1756,hwickendon3e@cbslocal.com,11/8/1972,1151
1124,Lonnie Charnley,Female,464-675-6981,lcharnley3f@gnu.org,7/4/1987,1113
1125,Dev Rosten,Male,495-387-9856,drosten3g@fema.gov,10/8/1979,1063
1126,Nollie Remmers,Female,508-558-5017,nremmers3h@uiuc.edu,6/21/1990,1133
1127,Pietra Langworthy,Female,875-641-1439,plangworthy3i@ox.ac.uk,6/15/1969,1146
1128,Yoko Praill,Female,848-177-9085,ypraill3j@ameblo.jp,9/20/1996,1008
1129,Don Stores,Male,962-782-3180,dstores3k@miitbeian.gov.cn,8/25/2000,1047
1130,Irvin Treneman,Male,873-294-3712,itreneman3l@123-reg.co.uk,10/3/2000,1015
1131,Ker Weinberg,Male,663-976-6691,kweinberg3m@globo.com,7/22/1969,1070
1132,Arda Idell,Female,207-948-0910,aidell3n@taobao.com,6/17/1960,1188
1133,Dre Ramsell,Female,399-562-3516,dramsell3o@hc360.com,5/30/1962,1164
1134,Sampson Levings,Male,261-345-8028,slevings3p@51.la,1/9/1963,1134
1135,Courtnay Blythin,Female,607-586-8378,cblythin3q@mapquest.com,7/10/1983,1142
1136,Mirabelle Capron,Female,408-915-4415,mcapron3r@berkeley.edu,5/9/1970,1186
1137,Loren Halse,Male,105-985-5172,lhalse3s@independent.co.uk,8/13/1960,1095
1138,Ingaborg Chappelow,Female,560-767-3821,ichappelow3t@twitter.com,2/25/1988,1084
1139,Natale Tourot,Male,210-229-6621,ntourot3u@sina.com.cn,8/11/1999,1177
1140,Malva Iannuzzelli,Female,814-897-9401,miannuzzelli3v@timesonline.co.uk,10/3/1972,1065
1141,Odelle MacCheyne,Female,769-641-7830,omaccheyne3w@google.de,10/19/1983,1045
1142,Gabie Vann,Male,620-117-7319,gvann3x@sina.com.cn,3/20/1988,1097
1143,Andrea Runchman,Female,332-833-2190,arunchman3y@youku.com,12/22/1985,1179
1144,Larine Smithers,Female,434-487-2155,lsmithers3z@blogspot.com,2/20/1959,1064
1145,Brittan Dabes,Female,344-760-0738,bdabes40@princeton.edu,12/19/1966,1143
1146,Sherlocke Draisey,Male,671-606-8623,sdraisey41@amazonaws.com,3/30/1951,1100
1147,Christoffer Rawson,Male,825-788-9218,crawson42@aboutads.info,7/22/1958,1042
1148,Georgianne Slegg,Female,552-373-4337,gslegg43@acquirethisname.com,2/6/1990,1067
1149,Tania Kenningley,Female,874-864-4715,tkenningley44@answers.com,10/7/1970,1018
1150,Antonetta Saundercock,Female,790-923-2932,asaundercock45@abc.net.au,9/13/1971,1036
1151,Vinny Heinel,Male,579-428-3291,vheinel46@sourceforge.net,3/16/1956,1137
1152,Isadore Twittey,Male,652-630-3287,itwittey47@reverbnation.com,11/8/1953,1053
1153,Delmar Peoples,Male,200-363-5830,dpeoples48@ftc.gov,8/1/1981,1190
1154,Gill Colcomb,Male,532-550-8931,gcolcomb49@ed.gov,9/14/1950,1044
1155,Jessamine Blackesland,Female,690-719-5241,jblackesland4a@yahoo.com,7/18/1974,1077
1156,Erastus Udden,Male,846-790-0057,eudden4b@businessinsider.com,6/11/1975,1089
1157,Lambert Blanning,Male,242-926-3291,lblanning4c@amazon.co.jp,7/22/1997,1020
1158,Amalia Rigolle,Female,430-462-6139,arigolle4d@privacy.gov.au,4/3/1964,1033
1159,Graig Gerrad,Male,591-490-5212,ggerrad4e@devhub.com,9/9/1994,1176
1160,Hedi Crotty,Female,890-413-8578,hcrotty4f@qq.com,7/14/2000,1039
1161,Dianne Quig,Female,430-956-6847,dquig4g@cocolog-nifty.com,9/12/1968,1121
1162,Giraud Sankey,Male,690-737-1755,gsankey4h@skyrock.com,4/18/1995,1003
1163,Corey East,Female,755-699-1109,ceast4i@apple.com,2/22/1995,1196
1164,Kinna Vela,Female,369-793-8211,kvela4j@huffingtonpost.com,4/9/1980,1107
1165,Lorain Fonquernie,Female,219-936-7562,lfonquernie4k@comsenz.com,7/28/1956,1048
1166,Heall Sycamore,Male,171-667-2955,hsycamore4l@go.com,3/31/1971,1010
1167,Ivett Meneyer,Female,829-783-3328,imeneyer4m@usda.gov,9/23/1971,1104
1168,Guthrie Cock,Male,344-639-6403,gcock4n@auda.org.au,6/6/1989,1066
1169,Lefty Maclaine,Male,524-306-2931,lmaclaine4o@blinklist.com,6/1/1996,1106
1170,Sheri Meachan,Female,931-942-5819,smeachan4p@facebook.com,1/18/1960,1149
1171,Kalie Tows,Female,798-626-3378,ktows4q@people.com.cn,7/15/1980,1079
1172,Nixie Morsley,Female,455-198-3439,nmorsley4r@hp.com,3/9/1982,1050
1173,Luigi Huffadine,Male,410-608-6652,lhuffadine4s@ifeng.com,1/26/2000,1013
1174,Gwyn Kulic,Female,419-109-9257,gkulic4t@redcross.org,10/7/1964,1069
1175,Cris Garrett,Female,572-673-1738,cgarrett4u@taobao.com,4/18/1951,1155
1176,Richmound Walkey,Male,245-501-8310,rwalkey4v@scribd.com,2/18/1994,1094
1177,Jay Laxson,Male,804-167-2372,jlaxson4w@delicious.com,2/28/1977,1007
1178,Riva Pilmer,Female,564-745-4516,rpilmer4x@bigcartel.com,10/18/1960,1153
1179,Orran Bridgeman,Male,666-533-0444,obridgeman4y@cbc.ca,7/2/1986,1197
1180,Ring Pine,Male,714-396-4303,rpine4z@icq.com,10/28/1972,1054
1181,Nikki Evangelinos,Female,692-249-6376,nevangelinos50@mapy.cz,3/9/1979,1154
1182,Shurlock Gathwaite,Male,805-640-1069,sgathwaite51@homestead.com,5/12/1999,1086
1183,Osmund Forlonge,Male,555-419-9623,oforlonge52@chron.com,9/6/1955,1196
1184,Daphna Gulleford,Female,879-414-4838,dgulleford53@mit.edu,8/17/1985,1046
1185,Teador Cotmore,Male,334-815-6451,tcotmore54@techcrunch.com,12/5/1953,1002
1186,Mickey Bumpass,Male,664-712-3855,mbumpass55@auda.org.au,10/25/1960,1043
1187,Corine Trounce,Female,925-962-9735,ctrounce56@ow.ly,6/25/1953,1172
1188,Ginelle Saberton,Female,806-376-2194,gsaberton57@ameblo.jp,5/28/1951,1084
1189,Bennett Banck,Male,370-416-6820,bbanck58@cnet.com,5/9/1963,1105
1190,Madelon Marshman,Female,891-360-7428,mmarshman59@blogger.com,11/11/1987,1072
1191,Mavra Magowan,Female,109-438-0502,mmagowan5a@howstuffworks.com,10/18/1971,1055
1192,Marrilee Biggs,Female,947-776-6139,mbiggs5b@technorati.com,11/26/1974,1071
1193,Angela Castagneri,Female,652-861-2226,acastagneri5c@free.fr,12/13/1952,1070
1194,Zorina Wadhams,Female,917-583-7124,zwadhams5d@independent.co.uk,3/21/1973,1061
1195,Orlando Brady,Male,621-566-6433,obrady5e@google.ru,11/9/1983,1142
1196,Freddie Furminger,Male,974-884-9397,ffurminger5f@aol.com,2/28/1951,1083
1197,Zackariah Stowte,Male,868-125-2195,zstowte5g@ask.com,7/23/1974,1126
1198,Gorden Douberday,Male,610-275-6647,gdouberday5h@amazon.de,7/25/1990,1037
1199,Michaella Harlock,Female,629-320-3283,mharlock5i@sciencedaily.com,1/25/1973,1004
1200,Priscilla Blackler,Female,122-462-1428,pblackler5j@dedecms.com,7/31/1951,1109
